fecha,pb_prom_kwh,pb_min_kwh,pb_max_kwh
2022-01-01,195.0476525903666,183.5484859237,224.5684859237
2022-01-02,194.6711845417333,145.7167262084,257.7167262084
2022-01-03,203.0426724592334,97.8924641259,244.1654641259
2022-01-04,159.50911812343327,98.0507847901,224.0507847901
2022-01-05,171.86723060223335,114.6213972689,206.1213972689
2022-01-06,191.5475574117999,181.3975574118,200.4975574118
2022-01-07,197.31495048643328,183.5816171531,208.8416171531
2022-01-08,203.69891666893332,201.0830833356,209.3430833356
2022-01-09,199.19403416606664,175.0273674994,205.0273674994
2022-01-10,203.02327126160006,200.1287712616,203.6547712616
2022-01-11,245.77976520520005,213.6722652052,324.4122652052
2022-01-12,242.53235989746676,229.4906932308,253.4906932308
2022-01-13,238.9430854291667,232.3639187625,244.3639187625
2022-01-14,253.12600723660003,242.3135072366,274.3135072366
2022-01-15,255.75694432576674,244.3402776591,265.3402776591
2022-01-16,252.75077951416674,224.3966128475,265.3966128475
2022-01-17,253.77639180780002,179.9122668078,294.4322668078
2022-01-18,268.8487901664666,244.5071234998,349.3071234998
2022-01-19,264.18917597873343,254.3558426454,291.3558426454
2022-01-20,286.75487171273323,254.3381633794,314.3381633794
2022-01-21,301.2735250643332,285.565191731,315.565191731
2022-01-22,307.87399178823335,279.4781584549,317.4781584549
2022-01-23,307.7837228742333,276.5503895409,320.5503895409
2022-01-24,336.53259954786654,304.2078078812,374.3078078812
2022-01-25,440.2937814138332,364.3354480805,484.3354480805
2022-01-26,396.55450023423333,373.2211669009,414.2211669009
2022-01-27,476.2531757650001,379.585675765,624.586675765
2022-01-28,480.1456598617333,404.1873265284,529.1873265284
2022-01-29,487.77837494716647,420.1534582805,527.1534582805
2022-01-30,451.1065323831335,224.3813240498,545.3813240498
2022-01-31,519.5070344171668,454.2157427505,540.2157427505
2022-02-01,574.8248181967,526.1124431967,622.1124431967
2022-02-02,629.7453056832663,610.5085140166,711.5085140166
2022-02-03,679.9459160624334,606.1139577291,731.2139577291
2022-02-04,634.9409124540663,621.0242457874,640.0242457874
2022-02-05,676.1375909196665,622.055924253,731.055924253
2022-02-06,643.9673738945331,622.2000405612,650.2000405612
2022-02-07,620.8064576584999,411.5767076585,721.5767076585
2022-02-08,556.7624561823663,222.3875395157,712.3875395157
2022-02-09,481.75017888943347,261.7315955561,591.7305955561
2022-02-10,422.8570868794998,351.9195868795,475.4195868795
2022-02-11,364.54991950769994,311.4624195077,391.5624195077
2022-02-12,326.4637281645333,321.0053948312,422.0053948312
2022-02-13,300.9766840085999,253.2684340086,326.2684340086
2022-02-14,347.09112133446666,266.6744546678,380.6744546678
2022-02-15,343.4385166620666,332.0218499954,362.0218499954
2022-02-16,339.26135849643344,291.8447751631,372.8447751631
2022-02-17,316.82779343093335,301.4925850976,371.4945850976
2022-02-18,318.41490281423324,300.8940694809,352.8940694809
2022-02-19,303.3958863246999,289.6458863247,312.6458863247
2022-02-20,251.36732585623335,202.7641175229,277.7641175229
2022-02-21,264.8258966390334,231.6800633057,276.6800633057
2022-02-22,276.1754917522334,231.2089084189,371.7089084189
2022-02-23,251.72753006646664,221.9983633998,290.4983633998
2022-02-24,254.466446345,212.518321345,290.518321345
2022-02-25,242.8548280363333,212.583994703,260.583994703
2022-02-26,251.36889953286664,237.8272328662,255.8272328662
2022-02-27,239.15143661139996,204.5234366114,299.7874366114
2022-02-28,260.89325712273336,186.9974237894,301.9974237894
2022-03-01,264.1718692810667,219.5677026144,347.5677026144
2022-03-02,253.45268028843327,209.2324719551,299.3324719551
2022-03-03,242.44175858603333,201.0509252527,289.0509252527
2022-03-04,188.92083669483327,104.2128783615,225.2128783615
2022-03-05,193.21116679613328,150.9403334628,221.9403334628
2022-03-06,187.84421680820006,146.9379668082,201.2879668082
2022-03-07,221.5070064856,179.2637564856,299.2637564856
2022-03-08,205.75883798273333,180.5130046494,450.9130046494
2022-03-09,204.3280326866333,168.6696993533,451.7696993533
2022-03-10,182.88361685853332,162.8395335252,200.6105335252
2022-03-11,182.36616861463332,164.1328352813,191.0328352813
2022-03-12,184.4405678990333,179.2197345657,189.3197345657
2022-03-13,193.80447658226663,185.5878099156,219.2878099156
2022-03-14,203.03973718550012,164.8772371855,258.8772371855
2022-03-15,223.03543893166673,201.931272265,260.931272265
2022-03-16,241.31612886489998,216.6961288649,292.6961288649
2022-03-17,262.9729015678001,217.6016515678,411.6016515678
2022-03-18,225.97752708106665,179.6858604144,288.6858604144
2022-03-19,210.58254401750003,196.5169190175,236.6709190175
2022-03-20,207.71295943389995,198.5463344339,238.5463344339
2022-03-21,210.47790153843331,197.9451932051,242.8391932051
2022-03-22,217.67768202293345,192.1785986896,239.1785986896
2022-03-23,211.01450430783336,93.3632959745,287.5482959745
2022-03-24,236.80599030746657,210.9943236408,271.4743236408
2022-03-25,244.66633723916655,235.9621705725,249.0621705725
2022-03-26,247.8150108587666,244.2320941921,249.2310941921
2022-03-27,249.77749762179997,247.9337476218,251.6837476218
2022-03-28,272.7667472625,245.9751222625,347.9751222625
2022-03-29,278.7973773457999,244.0466273458,349.0476273458
2022-03-30,278.1474650600333,234.0641317267,355.0641317267
2022-03-31,308.4023164887,258.6945664887,358.6955664887
2022-04-01,281.50591892450007,257.3620439245,343.3620439245
2022-04-02,236.78691473593335,98.3219564026,284.1549564026
2022-04-03,148.9692142626666,102.605047596,183.392047596
2022-04-04,175.25489261403342,92.4021842807,256.7351842807
2022-04-05,198.2125804778667,165.6709138112,288.6709138112
2022-04-06,191.26964141399995,151.844641414,256.844641414
2022-04-07,262.96794887463324,153.5309905413,1035.0949905413
2022-04-08,155.8071632446,152.3111632446,159.1781632446
2022-04-09,137.59299805810005,126.0068730581,155.1578730581
2022-04-10,124.94512254126666,121.8549558746,157.0059558746
2022-04-11,138.55301482326666,116.2272231566,167.2282231566
2022-04-12,129.71389086443335,125.2126825311,133.8996825311
2022-04-13,132.89685578906668,116.3233141224,153.8883141224
2022-04-14,121.88155799143328,106.9750996581,126.6300996581
2022-04-15,106.99859355549995,103.1160935555,108.0210935555
2022-04-16,119.39855175579999,103.2085517558,140.1485517558
2022-04-17,109.60444239173336,99.1136090584,148.4396090584
2022-04-18,138.77986288393336,97.6075295506,155.9395295506
2022-04-19,186.71705213186667,103.2153854652,356.2153854652
2022-04-20,145.0681790227667,97.6672623561,168.3362623561
2022-04-21,134.49258341346666,116.1452917468,149.1452917468
2022-04-22,114.96640796180004,100.4456579618,124.7786579618
2022-04-23,113.20638320069999,99.5842582007,122.9172582007
2022-04-24,103.0190299081,96.1745299081,119.5075299081
2022-04-25,101.2236477177667,91.8673560511,110.2003560511
2022-04-26,106.04129026240001,94.4897902624,113.8227902624
2022-04-27,102.30829282893335,92.4045844956,110.7375844956
2022-04-28,99.71598971303331,91.6154063797,104.9484063797
2022-04-29,98.04276491406665,92.8844732474,102.2174732474
2022-04-30,97.21730486290004,91.9730548629,100.0060548629
2022-05-01,96.83827014536668,94.9458534787,98.7288534787
2022-05-02,98.63796753250006,94.8703425325,130.5393425325
2022-05-03,107.25148390830002,95.6901089083,131.3591089083
2022-05-04,133.7742698964,89.7851448964,336.2541448964
2022-05-05,105.65651377003337,97.1786804367,130.1776804367
2022-05-06,113.27988722723336,99.4669288939,120.1359288939
2022-05-07,113.80853082409999,100.2089058241,123.4079058241
2022-05-08,109.56083914033333,97.081880807,120.580880807
2022-05-09,102.9690043866333,91.2757960533,132.7447960533
2022-05-10,107.4390905947,97.4763405947,117.2113405947
2022-05-11,101.12838871610002,89.0335137161,228.2025137161
2022-05-12,100.36267104189999,97.2621710419,121.9311710419
2022-05-13,101.05507902326666,95.6636623566,103.1326623566
2022-05-14,99.74965688743333,98.1758235541,100.9618235541
2022-05-15,97.12685273583337,96.2692694025,99.0522694025
2022-05-16,99.40693027983332,96.4739719465,116.4739719465
2022-05-17,112.80171103206665,95.6227943654,132.2907943654
2022-05-18,142.54899225213333,89.1785339188,196.7475339188
2022-05-19,122.09234755316663,115.6088058865,126.6088058865
2022-05-20,114.01577582223335,95.9763174889,120.6443174889
2022-05-21,107.99845906976664,97.1295424031,115.8405424031
2022-05-22,94.75545614193334,89.4258728086,96.2198728086
2022-05-23,95.95410778386668,89.2338161172,130.7028161172
2022-05-24,106.06156648843334,105.2356081551,106.4706081551
2022-05-25,99.4385704845667,94.8521538179,101.8861538179
2022-05-26,99.34446187036667,93.8937952037,100.9277952037
2022-05-27,96.44861047960002,91.4857354796,98.5197354796
2022-05-28,95.86535293636668,94.0060612697,97.2060612697
2022-05-29,96.55537735836667,94.6613356917,97.2303356917
2022-05-30,96.52268669623335,95.8532283629,97.0882283629
2022-05-31,95.44073508089998,94.0944850809,96.1604850809
2022-06-01,116.12753334050002,96.2299083405,258.3159083405
2022-06-02,104.40607421139994,99.9619492114,106.7519492114
2022-06-03,108.0229956427,104.4366206427,111.9696206427
2022-06-04,103.7628429976333,99.0273846643,106.5633846643
2022-06-05,101.2739031386,96.4641531386,102.6061531386
2022-06-06,100.48935112566669,96.250684459,102.537684459
2022-06-07,101.40952613713331,97.3854428038,104.4354428038
2022-06-08,121.14644833580002,96.5939483358,161.4799483358
2022-06-09,107.04807132056668,96.2472796539,225.8332796539
2022-06-10,107.43016573476665,97.8629990681,169.7489990681
2022-06-11,105.99686014256669,105.1559434759,106.5249434759
2022-06-12,103.56202369573334,98.7923153624,106.3013153624
2022-06-13,101.4764131232667,96.4299964566,103.9399964566
2022-06-14,101.89960776553339,96.1743994322,103.6833994322
2022-06-15,102.13507965583335,96.4076213225,103.9176213225
2022-06-16,102.21124502283335,96.1941616895,103.3481616895
2022-06-17,101.50237157996663,96.2419549133,104.2499549133
2022-06-18,100.51498157946668,96.2268149128,103.1728149128
2022-06-19,100.0837147745667,99.5716731079,105.7116731079
2022-06-20,97.75066259490002,96.1135375949,103.1605375949
2022-06-21,100.35693594239997,96.6599359424,103.6099359424
2022-06-22,105.64040491149994,104.7586549115,106.2966549115
2022-06-23,105.64611923009998,104.7056192301,106.2456192301
2022-06-24,102.32625334120003,97.2718783412,104.9508783412
2022-06-25,101.8994299161,96.2355549161,103.9135549161
2022-06-26,103.37031799250002,102.4100679925,103.9490679925
2022-06-27,103.30266527039994,102.3421652704,103.8791652704
2022-06-28,102.22244238700002,97.601442387,105.280442387
2022-06-29,104.2803434513333,98.877135118,107.763135118
2022-06-30,103.67066312459998,98.4460381246,106.1250381246
2022-07-01,103.41403763763337,97.7195793043,105.3985793043
2022-07-02,104.30740167706666,103.2806100104,104.8206100104
2022-07-03,101.36174571706665,97.2044540504,104.8804540504
2022-07-04,104.56054160253332,103.3540832692,104.8950832692
2022-07-05,104.50061156463335,97.0966532313,119.1326532313
2022-07-06,105.48758301279997,100.1124580128,107.7924580128
2022-07-07,108.24356443263332,99.1953560993,139.2313560993
2022-07-08,105.9067328450667,99.4441911784,107.1241911784
2022-07-09,109.77952870260002,108.6894037026,110.2294037026
2022-07-10,106.86524920756665,100.8587075409,108.5377075409
2022-07-11,105.30795695463338,104.2029986213,105.7439986213
2022-07-12,116.69532424916667,101.1750325825,280.6790325825
2022-07-13,115.4320590741333,106.6529757408,141.4489757408
2022-07-14,112.10918490053335,109.6239765672,144.4209765672
2022-07-15,111.33500351683331,104.3607951835,112.0407951835
2022-07-16,109.92047648036667,108.8090598137,129.9820598137
2022-07-17,106.80361855470001,106.6063685547,107.9793685547
2022-07-18,120.46574198646668,105.7047003198,148.6807003198
2022-07-19,118.6984727498708,105.7925977498,127.1655977499
2022-07-20,106.74612964343335,106.5617963101,108.7377963101
2022-07-21,107.12883518253334,103.9146268492,134.4106268492
2022-07-22,103.4975449471333,97.2530866138,104.2540866138
2022-07-23,103.7533367619,103.1083367619,103.9703367619
2022-07-24,110.85079385360002,109.7097938536,113.6057938536
2022-07-25,107.63556779026669,102.7727761236,109.8387761236
2022-07-26,130.63610370600003,104.539228706,407.319228706
2022-07-27,106.4125778344,105.1249528344,109.0199528344
2022-07-28,104.62082269250003,104.1010726925,104.9190726925
2022-07-29,109.89856387833333,107.330480545,112.340480545
2022-07-30,106.2849330042,105.9788080042,109.6188080042
2022-07-31,118.86402266526663,112.0136059986,119.5276059986
2022-08-01,111.5907337860333,101.0031504527,126.5701504527
2022-08-02,106.70486893760001,100.8093689376,108.3233689376
2022-08-03,112.17318368559997,108.5624336856,117.7254336856
2022-08-04,112.15362635406666,106.5712096874,114.0852096874
2022-08-05,110.53839589653336,103.8303125632,111.3443125632
2022-08-06,109.74198797543329,109.4442796421,109.8652796421
2022-08-07,105.67941845366664,100.131751787,107.646751787
2022-08-08,106.33572189046669,100.4648052238,107.9798052238
2022-08-09,108.32807527056666,107.4602836039,108.4752836039
2022-08-10,107.4484264971,100.9799264971,108.4949264971
2022-08-11,107.8097583792,100.6987583792,108.6807583792
2022-08-12,109.44817734046666,107.5850106738,111.2590106738
2022-08-13,107.64706501696666,102.1421483503,110.1221483503
2022-08-14,109.5014246801333,108.9667163468,109.8537163468
2022-08-15,107.62571206213335,101.4195037288,109.4005037288
2022-08-16,120.47197995209996,100.4982299521,207.2662299521
2022-08-17,147.56621963536665,107.9821779687,296.6361779687
2022-08-18,119.15620876793334,109.7312504346,143.4852504346
2022-08-19,125.8981794195334,107.9753460862,136.6493460862
2022-08-20,108.63426233969999,108.4247623397,109.4257623397
2022-08-21,107.70839305636667,100.6056013897,108.1396013897
2022-08-22,134.44052801216665,113.3431113455,154.6041113455
2022-08-23,127.77376718219995,107.7625171822,163.2105171822
2022-08-24,167.67082691546665,143.5412852488,308.4412852488
2022-08-25,202.77125651136666,164.5570898447,215.5570898447
2022-08-26,236.24409181789994,213.1870918179,245.3010918179
2022-08-27,253.56647582180005,247.9904758218,268.9904758218
2022-08-28,266.64281586826667,254.1738992016,279.1738992016
2022-08-29,287.20650658973346,252.4411732564,357.4411732564
2022-08-30,303.3401654812667,252.8759988146,387.8759988146
2022-08-31,334.3804599497334,272.6258766164,491.8828766164
2022-09-01,321.8879914711667,121.3463248045,414.3463248045
2022-09-02,335.2388359877334,289.4055026544,359.4055026544
2022-09-03,287.40746333026664,239.4407966636,308.4407966636
2022-09-04,202.14386826343335,111.6230349301,272.1230349301
2022-09-05,200.72560605270004,146.4506060527,257.4506060527
2022-09-06,210.3076924658666,141.4276507992,329.7106507992
2022-09-07,201.5815019135,130.5565019135,510.6565019135
2022-09-08,191.34755633673342,132.3922230034,250.3922230034
2022-09-09,208.70656760263338,111.8822342693,259.8822342693
2022-09-10,211.3363892950333,115.2283059617,318.6283059617
2022-09-11,137.3675665684,107.7088165684,235.2768165684
2022-09-12,209.80917733650003,111.0331773365,314.8521773365
2022-09-13,271.8992538987334,114.9579205654,513.4579205654
2022-09-14,332.5957400667332,241.1486567334,771.1486567334
2022-09-15,434.0241668406,245.6302918406,844.8912918406
2022-09-16,411.3418113613666,335.6663946947,510.6663946947
2022-09-17,337.52376644153327,290.9453081082,400.9453081082
2022-09-18,224.91087308343344,152.4525397501,263.9525397501
2022-09-19,277.22702286486646,150.6478561982,334.6478561982
2022-09-20,272.41167624383326,232.4837179105,292.9837179105
2022-09-21,248.00393778426658,219.8997711176,289.6997711176
2022-09-22,224.00260369696673,115.9109370303,255.9109370303
2022-09-23,226.60250982703334,111.2335514937,241.8495514937
2022-09-24,199.58201675033334,110.812933417,237.427933417
2022-09-25,182.94380346596665,110.6575117993,229.4755117993
2022-09-26,241.6364919875667,110.7439503209,509.3629503209
2022-09-27,232.83510477666667,178.60993811,300.60993811
2022-09-28,217.99648210433338,174.903648771,241.207648771
2022-09-29,226.17218938049993,189.8866893805,293.8126893805
2022-09-30,239.3527830078332,210.4569496745,360.9569496745
2022-10-01,235.3256166107333,218.9922832774,246.9922832774
2022-10-02,234.73443944653323,116.9804811132,249.0294811132
2022-10-03,277.9745395659668,222.8002478993,397.4282478993
2022-10-04,278.75128293200004,222.137407932,396.314407932
2022-10-05,310.9668024441333,225.6633441108,517.6633441108
2022-10-06,306.77183369816674,258.9631670315,616.6211670315
2022-10-07,297.2202357961999,265.4077357962,335.4077357962
2022-10-08,308.0421280098666,305.3504613432,322.3504613432
2022-10-09,255.44294554153336,115.5711122082,320.2481122082
2022-10-10,355.0911442758999,216.7161442759,627.7161442759
2022-10-11,384.1701789800666,264.5565123134,616.4565123134
2022-10-12,340.60128949313327,285.9755811598,616.9755811598
2022-10-13,325.7540543382666,275.4502626716,616.3362626716
2022-10-14,313.5603066371333,254.1984733038,616.1984733038
2022-10-15,304.9081296563333,265.926046323,317.040046323
2022-10-16,305.2899930299333,232.9121596966,334.8121596966
2022-10-17,315.59505075146654,263.8951340848,322.8951340848
2022-10-18,356.7690073667,336.9762573667,458.9762573667
2022-10-19,500.6913392987999,345.4135892988,916.9295892988
2022-10-20,447.62312946366677,344.663212797,721.663212797
2022-10-21,414.2665059659665,336.6769642993,467.1819642993
2022-10-22,342.5285543582999,116.1411793583,466.8171793583
2022-10-23,192.3981157909001,109.4987407909,466.1967407909
2022-10-24,265.5931767907333,109.8432184574,366.5412184574
2022-10-25,244.70313245443333,114.2732991211,716.4522991211
2022-10-26,320.6467833272,219.9342833272,715.9342833272
2022-10-27,240.36313784126665,115.3330961746,294.0090961746
2022-10-28,259.5366863482667,115.3191446816,715.9951446816
2022-10-29,185.49476372900003,115.257638729,226.933638729
2022-10-30,131.21642988333335,109.35222155,155.05022155
2022-10-31,191.3575250473333,115.455316714,226.132316714
2022-11-01,200.73674517500004,115.245745175,228.521745175
2022-11-02,224.36854415936662,117.9392524927,253.4092524927
2022-11-03,223.58489587013332,115.1926875368,263.5686875368
2022-11-04,180.3869170329667,112.8981253663,241.1571253663
2022-11-05,173.3700924617333,118.4647591284,203.0727591284
2022-11-06,114.21265954990001,111.1801595499,118.8311595499
2022-11-07,161.5441831808666,115.8696415142,200.1456415142
2022-11-08,181.37565305099997,115.288528051,204.553528051
2022-11-09,187.5463017727334,120.7334684394,207.4554684394
2022-11-10,185.58934342489997,119.5415934249,205.0235934249
2022-11-11,165.87799864439998,115.6331236444,199.9101236444
2022-11-12,167.9971178559,119.1146178559,199.4836178559
2022-11-13,167.74615571763337,115.1783223843,198.4543223843
2022-11-14,136.17202990630003,116.6284049063,199.9044049063
2022-11-15,160.05898493059996,110.3186099306,227.5776099306
2022-11-16,165.70539033190002,110.7647653319,228.0237653319
2022-11-17,164.30905524699995,116.016805247,228.292805247
2022-11-18,113.8978657953,111.0037407953,115.9857407953
2022-11-19,121.39357856603333,115.2694952327,205.8454952327
2022-11-20,111.50842822936664,110.2820115627,115.2650115627
2022-11-21,121.96276779793334,114.6673094646,141.9263094646
2022-11-22,164.3267622454999,122.6965122455,210.7965122455
2022-11-23,173.0179802486333,119.0087719153,229.2437719153
2022-11-24,184.58425213499996,117.347752135,232.201752135
2022-11-25,219.55697397679998,148.3702239768,247.4842239768
2022-11-26,248.8081234859666,247.7127068193,249.5987068193
2022-11-27,251.23229482346662,248.8156281568,255.8156281568
2022-11-28,274.01230367500006,232.374303675,307.374303675
2022-11-29,286.13818700710016,237.7763120071,311.7763120071
2022-11-30,311.2777561574667,237.6480894908,342.6480894908
2022-12-01,325.6583708748333,237.2707875415,389.2707875415
2022-12-02,335.3460165459332,234.3876832126,387.3876832126
2022-12-03,337.02038819176664,234.6844715251,410.6844715251
2022-12-04,256.90891074620004,227.2176607462,357.3316607462
2022-12-05,299.0853359828332,231.7776276495,357.6926276495
2022-12-06,246.87132804103328,123.9257447077,310.5157447077
2022-12-07,253.4154844247333,233.1739010914,267.1739010914
2022-12-08,242.2272007749,234.0897007749,268.0897007749
2022-12-09,212.55375504523326,122.5279217119,253.1179217119
2022-12-10,236.7062237877668,233.1645571211,252.1645571211
2022-12-11,244.27996348023336,240.9091301469,248.9091301469
2022-12-12,244.03930923973323,206.5566009064,259.5566009064
2022-12-13,258.0120490656666,238.395382399,266.895382399
2022-12-14,270.56638503663333,259.4580517033,287.3580517033
2022-12-15,285.3178718674668,231.7743302008,310.6893302008
2022-12-16,283.27127021399997,259.958770214,298.458770214
2022-12-17,273.0508259108668,268.7425342442,286.7415342442
2022-12-18,287.3321921675667,156.6657755009,302.6657755009
2022-12-19,322.73684562939985,277.8618456294,347.8618456294
2022-12-20,326.2849457738001,288.7841957738,349.7841957738
2022-12-21,357.1352101584,337.6227101584,400.6227101584
2022-12-22,400.58238712803336,356.9783037947,413.4783037947
2022-12-23,419.113694959,411.238694959,422.238694959
2022-12-24,420.61965224836666,385.7029855817,436.7029855817
2022-12-25,429.7334954217331,378.8372870884,437.7662870884
2022-12-26,444.5355751137666,409.9454084471,458.0784084471
2022-12-27,467.55757367970017,456.6700736797,476.5700736797
2022-12-28,509.26169147026667,494.5200248036,516.5200248036
2022-12-29,507.7130395607666,496.1463728941,517.5463728941
2022-12-30,450.7930971014999,122.5332221015,523.1232221015
2022-12-31,523.0726980822001,518.9646980822,526.5486980822
2023-01-01,499.7962119735333,451.8378786402,518.3378786402
2023-01-02,510.85099792270006,509.2884979227,512.2884979227
2023-01-03,531.0305672357002,509.4055672357,561.4055672357
2023-01-04,556.6253745001334,541.2920411668,562.2920411668
2023-01-05,560.9106826756334,556.2648493423,576.2648493423
2023-01-06,526.6652148232333,450.3197564899,557.3197564899
2023-01-07,503.19348091240005,495.2934809124,558.4934809124
2023-01-08,415.8064971809001,308.6793721809,499.2383721809
2023-01-09,432.61928971466665,217.821873048,483.906873048
2023-01-10,381.8508350045666,124.9156683379,485.9156683379
2023-01-11,436.0338762112333,331.4480428779,461.6740428779
2023-01-12,309.35282252530004,126.3896975253,425.3896975253
2023-01-13,256.5527589949667,123.9230923283,399.9230923283
2023-01-14,250.02755348530005,217.7023034853,361.7873034853
2023-01-15,212.65986900166675,127.493202335,325.493202335
2023-01-16,204.80564961203325,122.6913162787,262.6913162787
2023-01-17,216.14657120303323,121.8316128697,262.6066128697
2023-01-18,250.58037434390008,236.4433743439,254.4433743439
2023-01-19,235.77026361370008,130.5956386137,291.3706386137
2023-01-20,243.29817348203346,221.9232151487,258.0342151487
2023-01-21,202.96812168299994,121.845371683,247.620371683
2023-01-22,194.94165071756672,121.2773590509,284.0523590509
2023-01-23,243.91969064696661,209.4845239803,284.4845239803
2023-01-24,250.93103278116658,241.7272411145,271.6162411145
2023-01-25,277.9080973694001,246.2692223694,292.2692223694
2023-01-26,348.92165544593325,286.6086971126,392.6086971126
2023-01-27,375.9744406195,347.2119406195,392.5119406195
2023-01-28,396.3932978743335,392.459964541,396.859964541
2023-01-29,452.8826199384334,440.0742866051,481.4742866051
2023-01-30,568.7788272762335,492.3329939429,652.5329939429
2023-01-31,675.0510164512663,551.1343497846,736.1343497846
2023-02-01,768.6838144923669,748.9571478257,866.2141478257
2023-02-02,721.5205503904335,420.9888420571,790.9888420571
2023-02-03,794.9294052108668,784.7414885442,806.5314885442
2023-02-04,799.9009328050337,782.5475994717,828.9795994717
2023-02-05,741.8818057063332,480.749597373,861.749597373
2023-02-06,569.4053375571998,125.1307125572,833.5207125572
2023-02-07,682.3372145263667,501.9935478597,865.4935478597
2023-02-08,621.2968903492664,488.2552236826,769.2552236826
2023-02-09,561.6244883990001,488.749488399,749.249488399
2023-02-10,556.9092336778668,519.7384420112,589.2384420112
2023-02-11,604.8585322595665,460.6556155929,837.6196155929
2023-02-12,573.2946676894331,478.8613343561,774.8613343561
2023-02-13,572.7660878618668,519.2244211952,599.2244211952
2023-02-14,562.8534410486665,534.224274382,576.224274382
2023-02-15,547.7789099221002,534.2539099221,560.2539099221
2023-02-16,515.8515977783667,309.4338061117,548.4318061117
2023-02-17,496.1612673886336,408.8863090553,543.5633090553
2023-02-18,429.3823070937333,301.4079737604,489.9219737604
2023-02-19,418.8577930925998,354.4702930926,451.5702930926
2023-02-20,410.9205700374,214.2806950374,456.6796950374
2023-02-21,423.7087455614333,358.9061622281,445.8051622281
2023-02-22,351.6163010174668,213.6388843508,424.6388843508
2023-02-23,372.57516342446667,262.6619967578,407.6619967578
2023-02-24,361.4122095290334,282.5168761957,423.6308761957
2023-02-25,297.9783922805667,260.0652256139,337.1792256139
2023-02-26,315.51196276399986,289.886962764,340.886962764
2023-02-27,319.4327370885334,289.7231537552,404.7431537552
2023-02-28,366.6270357872998,309.2514107873,429.8324107873
2023-03-01,374.07319763436664,309.7025309677,415.7025309677
2023-03-02,372.1395599824668,334.6647683158,415.6647683158
2023-03-03,435.5328814148665,384.4912147482,490.4912147482
2023-03-04,450.01350432893327,443.3051709956,450.3051709956
2023-03-05,463.75451051650015,423.0670105165,485.5670105165
2023-03-06,501.89761045559976,478.5451104556,549.8651104556
2023-03-07,487.81375585279983,449.4387558528,496.4387558528
2023-03-08,470.9471448417667,423.4679781751,559.4679781751
2023-03-09,431.3983143267001,399.8979393267,449.9979393267
2023-03-10,313.6173168691666,121.3422752025,382.7122752025
2023-03-11,312.0133821560333,250.7984238227,377.9094238227
2023-03-12,287.91458976029986,277.2432147603,311.1322147603
2023-03-13,234.20115136966663,118.363484703,280.844484703
2023-03-14,185.5636310353,118.4236310353,231.7396310353
2023-03-15,164.9229989344334,116.6492906011,275.9652906011
2023-03-16,168.0513042388667,124.6686375722,305.1636375722
2023-03-17,219.3029585301001,140.9154585301,283.6154585301
2023-03-18,203.53429561523322,145.8134622819,275.8134622819
2023-03-19,163.73357652546656,155.1794098588,215.4794098588
2023-03-20,234.49225525139994,160.8733802514,312.8733802514
2023-03-21,291.23608951746667,150.1944228508,370.1944228508
2023-03-22,341.5583988860332,282.4049405527,410.8259405527
2023-03-23,321.62533798656654,202.0436713199,414.0436713199
2023-03-24,329.27193836323335,219.9902300299,414.9902300299
2023-03-25,236.0305264747667,180.9567348081,309.7697348081
2023-03-26,186.26691535273326,149.9230820194,298.9230820194
2023-03-27,180.38245627016667,116.9716646035,269.1766646035
2023-03-28,188.87672340606665,117.5239317394,350.7289317394
2023-03-29,153.32040885503338,121.2769505217,286.0609505217
2023-03-30,168.90205633026662,123.5827646636,284.9487646636
2023-03-31,163.3233578755333,120.6590245422,198.0250245422
2023-04-01,149.59529507336666,124.8131284067,172.8581284067
2023-04-02,153.88823286206673,138.2215661954,172.2215661954
2023-04-03,147.18555320043336,124.6653448671,166.8603448671
2023-04-04,150.28855113836667,134.2468844717,176.2468844717
2023-04-05,144.2343309940999,138.2343309941,159.2343309941
2023-04-06,139.88260143969998,133.3607264397,143.0357264397
2023-04-07,133.94390328909998,132.4346532891,147.5456532891
2023-04-08,141.84049052946668,123.9331988628,149.8661988628
2023-04-09,133.08015810536662,122.6407414387,147.6407414387
2023-04-10,143.43973677953326,125.3145284462,166.8145284462
2023-04-11,145.75005667423326,132.4167233409,166.4167233409
2023-04-12,263.44543922816655,132.2862725615,455.2862725615
2023-04-13,242.19941356779995,133.4494135678,466.4494135678
2023-04-14,242.84623382786677,136.9458171612,485.9458171612
2023-04-15,214.8005207330001,192.251520733,301.137520733
2023-04-16,212.02258143863332,210.1322481053,214.1322481053
2023-04-17,294.0202761736666,215.954859507,447.954859507
2023-04-18,290.98403227880004,269.7135322788,304.5995322788
2023-04-19,262.32517268280003,214.8251726828,304.8251726828
2023-04-20,303.79650600099995,274.628756001,334.628756001
2023-04-21,319.62709398143335,295.6687606481,345.6687606481
2023-04-22,334.23173978340014,326.5442397834,363.0442397834
2023-04-23,341.2148204153,325.5273204153,359.0273204153
2023-04-24,343.05637368950005,319.3688736895,359.8688736895
2023-04-25,333.4545873303998,317.3295873304,343.3295873304
2023-04-26,323.32741301399983,293.327413014,342.327413014
2023-04-27,249.31784233599998,126.754217336,329.929217336
2023-04-28,254.6826009833999,223.4451009834,318.4451009834
2023-04-29,186.79008909516668,125.4397974285,226.7137974285
2023-04-30,210.57818095133334,208.919847618,217.319847618
2023-05-01,189.01870382113336,125.8228704878,245.1228704878
2023-05-02,240.77239092570005,115.1098909257,550.0098909257
2023-05-03,255.10519134599994,118.071816346,552.871816346
2023-05-04,257.8991692946333,201.8158359613,301.8158359613
2023-05-05,321.68339539606654,249.6417287294,551.6417287294
2023-05-06,321.95444971409984,280.3919497141,357.8919497141
2023-05-07,354.5173310422333,335.2089977089,379.2089977089
2023-05-08,404.3975417612002,357.1850417612,439.1850417612
2023-05-09,514.3697640661667,359.4405973995,659.4405973995
2023-05-10,582.1855448730336,429.0022115397,659.0022115397
2023-05-11,629.9293873606001,554.1793873606,670.1793873606
2023-05-12,639.0584256111998,552.4584256112,710.4584256112
2023-05-13,692.2176118567003,641.5926118567,721.5926118567
2023-05-14,682.7860478942001,615.4110478942,720.4110478942
2023-05-15,727.0558307900997,628.3058307901,760.3058307901
2023-05-16,776.6545298109668,748.8003631443,792.8003631443
2023-05-17,811.1855775366001,550.4849525366,887.1849525366
2023-05-18,820.3688887720333,758.5330554387,857.1310554387
2023-05-19,834.132528647833,812.7991953145,907.7991953145
2023-05-20,836.846553649733,830.3257203164,843.8257203164
2023-05-21,781.1399254179,431.2229254179,850.2229254179
2023-05-22,789.4337239329667,423.5045572663,853.0545572663
2023-05-23,801.7243562416,326.1988562416,855.0338562416
2023-05-24,741.2614393731332,432.8032310398,856.8032310398
2023-05-25,765.2225726731334,430.3892393398,844.3892393398
2023-05-26,669.8191737313003,292.1069237313,797.1269237313
2023-05-27,650.3343199944669,468.8266533278,767.5266533278
2023-05-28,450.59354166516664,292.4799999985,745.4999999985
2023-05-29,374.3725136908333,119.0105553575,447.6205553575
2023-05-30,385.61830861509975,359.2433086151,398.2433086151
2023-05-31,360.3704527560667,254.0679110894,390.7349110894
2023-06-01,308.91654787276656,151.0186312061,371.0186312061
2023-06-02,253.70867818600004,161.789553186,701.789553186
2023-06-03,246.63268257703328,202.3320992437,702.3320992437
2023-06-04,206.9850470411333,158.4365887078,228.4375887078
2023-06-05,266.1052213855999,105.1372213856,558.8272213856
2023-06-06,302.29223133906675,290.5000646724,305.5000646724
2023-06-07,346.0864303978333,300.4513470645,451.4513470645
2023-06-08,329.43703216813327,262.0318238348,343.5318238348
2023-06-09,310.72985928680004,282.9173592868,328.4173592868
2023-06-10,292.0219092928,281.8969092928,316.8969092928
2023-06-11,281.5663019065666,260.2746352399,299.7746352399
2023-06-12,295.73957298186673,288.4479063152,302.4479063152
2023-06-13,327.52298199269995,283.5229819927,519.5229819927
2023-06-14,352.6390978964,294.8890978964,518.8890978964
2023-06-15,363.4437399086333,305.2127815753,382.9127815753
2023-06-16,409.94413842219996,358.9975134222,488.9985134222
2023-06-17,440.8758816043669,417.8967149377,480.3967149377
2023-06-18,499.28028665153323,438.9774533182,598.8664533182
2023-06-19,568.8711079990331,495.7507746657,626.7507746657
2023-06-20,602.0205971389998,431.649097139,666.649097139
2023-06-21,739.7786245499334,666.8204162166,845.8204162166
2023-06-22,749.1596229890334,675.8262896557,795.8262896557
2023-06-23,846.8458569028663,785.8041902362,885.8041902362
2023-06-24,888.3327651133669,775.6285984467,917.7235984467
2023-06-25,715.7547425280001,314.932992528,862.781992528
2023-06-26,685.7912672841331,275.7504339508,890.7504339508
2023-06-27,598.3499218381334,106.8677135048,800.5577135048
2023-06-28,612.2174932613668,342.0620765947,737.0620765947
2023-06-29,472.83694740313325,342.6129890698,672.6129890698
2023-06-30,516.2033960732332,492.4950627399,571.4950627399
2023-07-01,544.7705213565666,513.3538546899,579.3538546899
2023-07-02,550.9924406845665,489.5757740179,561.5757740179
2023-07-03,483.6502214998332,250.8457631665,601.1987631665
2023-07-04,553.0780864147,448.8280864147,615.8280864147
2023-07-05,604.0613552063004,537.5613552063,620.0613552063
2023-07-06,612.6520655029664,592.2978988363,618.2978988363
2023-07-07,561.7201975030001,451.595197503,607.595197503
2023-07-08,511.3474445138336,451.3816111805,608.3816111805
2023-07-09,443.23049767003346,246.9667893367,500.8677893367
2023-07-10,464.0946349298667,343.8857182632,528.8857182632
2023-07-11,520.6698138396332,349.5864805063,604.5864805063
2023-07-12,558.0087941169003,499.2587941169,599.7587941169
2023-07-13,623.2256895074667,597.3090228408,707.3090228408
2023-07-14,667.2388902573666,607.7597235907,692.8597235907
2023-07-15,627.5580529219336,435.6964695886,707.6274695886
2023-07-16,655.8061852984997,477.8061852985,741.8061852985
2023-07-17,607.738793756533,514.2904604232,708.7754604232
2023-07-18,562.4534141153,499.4040391153,743.8890391153
2023-07-19,452.6071380446336,225.9898047113,541.9098047113
2023-07-20,355.5250355955998,319.7750355956,528.7750355956
2023-07-21,448.7364667266667,319.31980006,699.31980006
2023-07-22,343.91701699120017,327.4170169912,553.9170169912
2023-07-23,368.67011887483324,199.2780355415,464.2780355415
2023-07-24,505.7365804233334,348.46574709,748.46574709
2023-07-25,501.0301570304,458.7801570304,603.7801570304
2023-07-26,508.3139960270668,223.6512043604,600.6712043604
2023-07-27,543.2798406008666,419.6131739342,638.6131739342
2023-07-28,485.3597814536335,415.7625731203,601.2335731203
2023-07-29,502.27738020969986,413.7273802097,638.4273802097
2023-07-30,503.46714907686646,334.9896074102,516.3966074102
2023-07-31,493.9659789703335,249.581520637,639.581520637
2023-08-01,547.1345043070999,322.9970043071,737.6970043071
2023-08-02,552.4892412716,409.3784912716,703.3784912716
2023-08-03,502.80451949393336,321.0360611606,699.7360611606
2023-08-04,534.6192562463665,403.8900895797,733.8900895797
2023-08-05,464.11961710286664,382.0432004362,718.0202004362
2023-08-06,492.9017589968668,426.0997173302,593.7247173302
2023-08-07,407.44344032676673,204.6785236601,595.6845236601
2023-08-08,520.8159737078335,403.0176403745,593.0236403745
2023-08-09,615.0041053911997,493.6291053912,743.6291053912
2023-08-10,672.7727046823999,525.6414546824,744.6414546824
2023-08-11,743.8591253586,724.5848753586,794.0838753586
2023-08-12,765.2201509364667,632.5534842698,817.5534842698
2023-08-13,662.3748478974665,575.7041812308,806.7041812308
2023-08-14,648.2864592554333,238.0397509221,808.0597509221
2023-08-15,743.5988251514663,656.1761584848,807.1761584848
2023-08-16,684.1074411735331,291.7719828402,813.9349828402
2023-08-17,695.5571388220665,219.4173471554,830.4373471554
2023-08-18,718.1244276738335,180.6417193405,820.9977193405
2023-08-19,688.8797853554335,425.5283270221,833.1513270221
2023-08-20,429.54986892410005,354.5498689241,824.5498689241
2023-08-21,427.4197187691334,326.4877604358,709.4877604358
2023-08-22,333.6424985433666,103.1208318767,799.1008318767
2023-08-23,240.48830502266662,102.841263356,437.642263356
2023-08-24,199.13479862393334,101.3955902906,771.3755902906
2023-08-25,201.79949604850003,100.6493710485,795.6293710485
2023-08-26,244.67607934786676,101.8334126812,742.1004126812
2023-08-27,182.24162300086667,102.6205813342,358.9205813342
2023-08-28,362.5746705066001,253.8551705066,485.8551705066
2023-08-29,557.3878632841003,497.3822382841,605.3822382841
2023-08-30,752.3462168504998,733.4712168505,767.4712168505
2023-08-31,804.1298802825668,772.4632136159,817.4632136159
2023-09-01,840.0535151349333,815.7826818016,868.7826818016
2023-09-02,897.7582867515667,873.9673700849,917.9663700849
2023-09-03,940.0739380390672,920.1572713724,977.1572713724
2023-09-04,965.3959244286997,886.1209244287,982.1209244287
2023-09-05,980.1408900017001,894.2033900017,987.5033900017
2023-09-06,938.9837728268996,748.2587728269,993.2587728269
2023-09-07,1002.401876271067,996.6727096044,1007.1727096044
2023-09-08,1020.1230077620329,1018.1209244287,1022.1209244287
2023-09-09,1042.412591095366,1032.1209244287,1047.1209244287
2023-09-10,1040.2309244286994,1018.2009244287,1052.1209244287
2023-09-11,1056.0735910953665,1053.8209244287,1058.1209244287
2023-09-12,1055.8125910953665,1049.6209244287,1059.3209244287
2023-09-13,1057.2250910953665,1037.1209244287,1058.5209244287
2023-09-14,1058.2146744287,1055.1209244287,1058.7209244287
2023-09-15,1059.5459244287001,1058.7209244287,1060.0209244287
2023-09-16,1053.5576515038,1010.5330265038,1060.6330265038
2023-09-17,980.9484479552331,667.9443646219,1061.7823646219
2023-09-18,1040.0333886234998,728.3043886235,1060.6043886235
2023-09-19,1046.887050615067,1007.1473839484,1060.2073839484
2023-09-20,1040.3662577620337,1008.8189244287,1060.1909244287
2023-09-21,1060.2107160953667,1059.1209244287,1061.0209244287
2023-09-22,1059.9921744286996,1052.1209244287,1061.1209244287
2023-09-23,1061.2059358995336,1061.1699775662,1061.2699775662
2023-09-24,999.4853164339996,738.693816434,1061.693816434
2023-09-25,1040.8716778893333,797.188719556,1061.888719556
2023-09-26,1061.5271744287,1060.8209244287,1061.7709244287
2023-09-27,1041.1605757635332,1002.1231174302,1061.8261174302
2023-09-28,1042.7696452357002,998.1521452357,1062.9881452357
2023-09-29,1030.8072240288996,848.4470990289,1063.3860990289
2023-09-30,1012.2209689485335,847.2477606152,1062.1857606152
2023-10-01,1060.8147056184337,1060.6137472851,1062.3137472851
2023-10-02,1062.6107889517664,1050.7137472851,1072.7137472851
2023-10-03,1062.6836619194335,1062.6790785861,1062.6870785861
2023-10-04,1057.2608306184331,1047.7137472851,1081.7137472851
2023-10-05,1058.7918306184329,1009.0307472851,1085.7137472851
2023-10-06,1085.4465806184328,1062.3607472851,1107.7137472851
2023-10-07,1098.8268213183671,1063.5449046517,1108.8979046517
2023-10-08,1043.2044139517661,945.7137472851,1150.7137472851
2023-10-09,1067.1668858773626,945.9168858773,1150.9168858774
2023-10-10,1066.299434001634,945.8411006683,1150.8411006683
2023-10-11,1039.6088050715664,945.7206384049,1150.7206384049
2023-10-12,976.042329097967,865.9131624313,1062.0131624313
2023-10-13,987.6624542711999,745.8159542712,1095.8159542712
2023-10-14,1052.5540806184333,1009.0307472851,1062.1137472851
2023-10-15,1005.9316866464751,743.0286866464,1062.4026866465
2023-10-16,1075.8691222850998,1015.7137472851,1195.7137472851
2023-10-17,1106.2171409676664,823.262474301,1206.927474301
2023-10-18,1176.4483146350997,1015.7233146351,1216.7233146351
2023-10-19,1279.4285081674668,1210.7145915008,1395.7145915008
2023-10-20,1362.2730995474667,1284.7639328808,1465.7639328808
2023-10-21,1418.9582575586671,1245.740965892,1526.295965892
2023-10-22,1234.5839556184328,1114.8237472851,1581.2687472851
2023-10-23,1346.6022889517662,1114.8237472851,1565.7137472851
2023-10-24,1420.8710389517664,1115.7137472851,1534.7137472851
2023-10-25,955.6019200347665,452.1240033681,1499.1240033681
2023-10-26,755.9492215937998,398.7988465938,968.7988465938
2023-10-27,671.8531665283001,405.4149165283,932.8359165283
2023-10-28,518.1646032708333,292.9011449375,744.5921449375
2023-10-29,363.4910648532,292.4220648532,952.4220648532
2023-10-30,553.3783212216669,275.481654555,810.491654555
2023-10-31,454.5931018535334,106.6771435202,1011.8781435202
2023-11-01,429.5892825422333,110.1853242089,739.8263242089
2023-11-02,415.9492689241999,104.0806439242,729.4076439242
2023-11-03,352.09324701186665,105.5329553452,1069.0009553452
2023-11-04,439.79206691303324,104.3331085797,739.0871085797
2023-11-05,300.06515918353324,106.6487008502,736.1157008502
2023-11-06,413.9403163114666,108.9236496448,1068.9266496448
2023-11-07,548.2448096655,112.8724346655,1032.8754346655
2023-11-08,481.72165431263335,104.6319459793,893.0319459793
2023-11-09,574.5904920769334,382.9631587436,1062.9631587436
2023-11-10,558.6926025104667,399.5411858438,769.6401858438
2023-11-11,566.4987525492,397.7531275492,786.7531275492
2023-11-12,593.0070243858664,453.5896077192,815.5896077192
2023-11-13,651.8726890120331,554.8621056787,812.8621056787
2023-11-14,825.7661315362994,725.3097565363,849.1687565363
2023-11-15,798.9050909523335,729.214382619,814.045382619
2023-11-16,681.4722751629666,405.6527334963,810.6527334963
2023-11-17,646.7431406362998,552.2748906363,803.2748906363
2023-11-18,431.7489890962999,351.1644890963,751.1644890963
2023-11-19,360.52517800769994,290.8294280077,650.8294280077
2023-11-20,341.13931359463334,104.3866052613,711.3866052613
2023-11-21,306.6469497191666,103.2997830525,697.9907830525
2023-11-22,398.0080327445,103.6285327445,708.3195327445
2023-11-23,419.9976762965002,100.6084262965,879.1904262965
2023-11-24,489.01801585163344,365.6846825183,585.6846825183
2023-11-25,373.49139753866683,184.484105872,584.484105872
2023-11-26,342.42671705829986,250.5517170583,605.5517170583
2023-11-27,511.33534469513324,256.1516363618,756.1516363618
2023-11-28,575.9772363036002,383.8809863036,703.8809863036
2023-11-29,533.6415632477668,282.0982715811,685.0982715811
2023-11-30,655.3589236656329,533.2598403323,749.2598403323
2023-12-01,699.5899179317997,558.5801679318,762.5801679318
2023-12-02,752.6804918138668,727.8942001472,787.3942001472
2023-12-03,738.2747608870663,619.7517192204,759.7517192204
2023-12-04,755.8896806327338,618.8955972994,813.8955972994
2023-12-05,801.4585191472671,752.7918524806,851.7918524806
2023-12-06,811.7192019831328,802.8158686498,823.7838686498
2023-12-07,808.2370318165998,801.6120318166,818.1120318166
2023-12-08,797.9820743228003,762.6543243228,852.4603243228
2023-12-09,880.6149637048999,829.1589637049,922.2699637049
2023-12-10,897.215500228167,703.4883335615,953.3123335615
2023-12-11,945.617732816267,919.6968161496,971.8078161496
2023-12-12,902.1214138307333,817.1630804974,942.1630804974
2023-12-13,909.8460240823998,852.0025240824,972.1135240824
2023-12-14,888.2749944316332,847.6041610983,922.3041610983
2023-12-15,868.3306645743334,847.434831241,932.934831241
2023-12-16,840.7743506620668,791.6451839954,863.5451839954
2023-12-17,776.4234928979663,723.5224512313,804.5224512313
2023-12-18,759.9128638851665,740.9961972185,772.9961972185
2023-12-19,682.0989613232003,467.4213363232,738.3023363232
2023-12-20,533.5117878588666,104.4128711922,682.6128711922
2023-12-21,528.5768623150335,492.6185289817,612.6185289817
2023-12-22,492.7148704159665,453.1730787493,552.0810787493
2023-12-23,503.2896640208666,491.4979973542,536.9979973542
2023-12-24,497.21965974833364,491.573826415,540.073826415
2023-12-25,424.57552202849985,403.6163970285,512.5163970285
2023-12-26,387.23208508573344,101.7425017524,507.2425017524
2023-12-27,417.5560642459332,362.9102309126,442.9102309126
2023-12-28,379.1539336765333,364.6956003432,405.6956003432
2023-12-29,332.9909804149335,261.7602720816,358.4792720816
2023-12-30,123.27791189626664,98.8977452296,238.0787452296
2023-12-31,180.7865982925,152.2628482925,281.7198482925
2024-01-01,221.6614768940333,95.3362685607,300.7172685607
2024-01-02,396.4368341588667,309.3576674922,448.8576674922
2024-01-03,461.7849229820002,429.159922982,514.159922982
2024-01-04,557.3650687536334,448.6596104203,602.6596104203
2024-01-05,623.0824523153334,609.211118982,650.209118982
2024-01-06,626.3134143265002,609.1877893265,652.1877893265
2024-01-07,634.0971755349998,618.543425535,649.393425535
2024-01-08,635.1949983402004,549.8019983402,719.8019983402
2024-01-09,690.4099256069666,670.7432589403,720.7432589403
2024-01-10,664.1975779190335,635.7392445857,713.7392445857
2024-01-11,686.5354518403664,678.7437851737,695.7437851737
2024-01-12,665.0088004830333,597.6364671497,685.7364671497
2024-01-13,645.984122622267,606.9274559556,673.8954559556
2024-01-14,612.8579044959,518.9259044959,637.9259044959
2024-01-15,613.7749809797334,449.3127726464,660.5237726464
2024-01-16,608.8473888499666,602.3753471833,624.2473471833
2024-01-17,588.1468150242,562.7718150242,710.7718150242
2024-01-18,552.7294570518001,529.2294570518,564.2294570518
2024-01-19,541.0830962399668,518.5789295733,565.8789295733
2024-01-20,525.7099254095666,518.0307587429,531.0307587429
2024-01-21,502.59492452136664,449.1407578547,524.4407578547
2024-01-22,502.1724465008003,500.0644465008,509.0644465008
2024-01-23,494.3681181512666,480.1545764846,511.5545764846
2024-01-24,489.76429662106665,453.7608799544,500.3608799544
2024-01-25,480.4162297181999,470.7681047182,500.8791047182
2024-01-26,446.17499956953344,412.3782912362,455.4992912362
2024-01-27,467.4483028917668,450.0085112251,503.1195112251
2024-01-28,528.7919535333666,509.0557868667,648.9447868667
2024-01-29,597.8861415426998,543.7595165427,619.7595165427
2024-01-30,628.0008418445997,580.4879668446,670.4879668446
2024-01-31,637.2996572888335,611.4246989555,671.5356989555
2024-02-01,693.1328335529671,679.2161668863,698.2161668863
2024-02-02,690.8707488604997,680.1207488605,695.1207488605
2024-02-03,669.2435358261332,611.5052024928,705.1242024928
2024-02-04,619.1149267853997,440.5286767854,677.5286767854
2024-02-05,625.0393327354001,421.7412077354,686.7412077354
2024-02-06,559.7130811791666,99.0195395125,637.3795395125
2024-02-07,564.1832969363334,494.224713603,580.224713603
2024-02-08,427.98019767476654,100.9246560081,593.2846560081
2024-02-09,516.2148436413001,504.4422186413,540.4752186413
2024-02-10,533.7317795449669,510.8171128783,700.3851128783
2024-02-11,542.3464950540335,496.9231617207,562.9231617207
2024-02-12,571.9042059795997,526.5817059796,600.5817059796
2024-02-13,596.0444645368667,551.1277978702,612.1277978702
2024-02-14,614.2213167688668,533.2096501022,711.2096501022
2024-02-15,595.3584714168669,551.3168047502,712.3168047502
2024-02-16,539.0796426023002,531.0796426023,556.0796426023
2024-02-17,566.3115082485,555.1865082485,600.1865082485
2024-02-18,549.1586162419667,535.4871995753,610.6011995753
2024-02-19,574.2322073161332,540.1298739828,610.2438739828
2024-02-20,581.6349328594998,530.7476828595,611.1246828595
2024-02-21,601.1423889131001,592.4318889131,601.5458889131
2024-02-22,507.62721319196675,101.1557965253,603.3657965253
2024-02-23,569.9739623786335,483.9833790453,605.2103790453
2024-02-24,585.7971515581668,540.1304848915,640.1304848915
2024-02-25,555.6376437488999,550.1376437489,561.1376437489
2024-02-26,564.1061437212335,500.1295603879,600.6295603879
2024-02-27,535.6284465427666,453.2574048761,570.2574048761
2024-02-28,480.7302048941999,127.4803298942,567.2003298942
2024-02-29,495.6025525011334,474.8494691678,505.1374691678
2024-03-01,481.3171371258668,408.8373454592,513.8373454592
2024-03-02,492.8286851608332,483.6828518275,513.6828518275
2024-03-03,473.2302783512335,438.6903200179,487.6903200179
2024-03-04,485.6489273562,419.6810523562,518.0040523562
2024-03-05,538.8926950820331,479.4813617487,618.4813617487
2024-03-06,543.0653526533664,512.7773109867,579.5703109867
2024-03-07,561.2115960421667,529.2625543755,621.8735543755
2024-03-08,541.9057085700667,505.6730419034,569.1770419034
2024-03-09,543.9007635393998,533.9793885394,619.0903885394
2024-03-10,558.5222744168667,517.5487327502,588.6597327502
2024-03-11,558.7461217979334,517.8736634646,628.8736634646
2024-03-12,583.0253443029668,553.6810526363,628.6810526363
2024-03-13,573.8190419241001,567.5065419241,653.5065419241
2024-03-14,538.3539667248336,486.6956333915,573.1956333915
2024-03-15,557.6690305085998,497.3589055086,572.6999055086
2024-03-16,574.446902760767,566.1177360941,597.8177360941
2024-03-17,581.3639947997,568.4889947997,597.9889947997
2024-03-18,520.6450717027669,124.4282800361,659.1482800361
2024-03-19,617.4006252693663,574.3589586027,654.3589586027
2024-03-20,625.6644711013668,550.7728044347,645.7728044347
2024-03-21,654.1693751593336,641.793041826,668.670041826
2024-03-22,707.1233666841334,671.5144083508,728.6374083508
2024-03-23,715.1521683240335,464.9507099907,799.6837099907
2024-03-24,651.7666041903334,517.216895857,729.053895857
2024-03-25,735.6248380457336,658.5415047124,848.5415047124
2024-03-26,836.337188521,787.488438521,853.488438521
2024-03-27,927.8145128555003,858.4395128555,1013.4395128555
2024-03-28,851.2653705148667,548.8348288482,1014.9578288482
2024-03-29,812.6741928238334,648.3991094905,858.9641094905
2024-03-30,754.7848089918001,698.6929339918,828.6929339918
2024-03-31,711.5103236301665,689.1981569635,751.1981569635
2024-04-01,854.4476745301664,768.0053828635,1025.0053828635
2024-04-02,1031.5548858724999,1023.9916358725,1047.8416358725
2024-04-03,1234.5240142736668,1052.373097607,1267.373097607
2024-04-04,1083.7835417163335,711.754583383,1248.110583383
2024-04-05,975.2499935571332,504.8630352238,1154.8630352238
2024-04-06,655.847516566533,503.7770582332,1156.6770582332
2024-04-07,633.1273048017332,492.9814714684,733.4814714684
2024-04-08,910.0785796954997,752.8648296955,1027.7508296955
2024-04-09,992.4978314645672,907.8987897979,1052.7847897979
2024-04-10,948.6385366179666,507.7368699513,1060.7368699513
2024-04-11,1030.8773907850336,1008.1690574517,1066.1690574517
2024-04-12,1036.3076440455663,1012.3906023789,1058.3916023789
2024-04-13,1019.4150990587004,997.3905990587,1057.3915990587
2024-04-14,1036.8532242998338,1006.2800159665,1058.5450159665
2024-04-15,1078.8364274291334,1058.7420940958,1202.6860940958
2024-04-16,1096.6580756126668,1043.675033946,1203.534033946
2024-04-17,1043.1592826299327,1013.4183242966,1060.0403242966
2024-04-18,1039.0826865920662,1004.2080199254,1059.7100199254
2024-04-19,1005.9053130523002,954.2185630523,1028.3195630523
2024-04-20,975.9986876914587,863.1546876914,1007.1546876915
2024-04-21,607.8153309096331,294.0253725763,998.1323725763
2024-04-22,543.5098374802332,105.1140041469,806.9550041469
2024-04-23,441.63925731353334,98.0111739802,612.7361739802
2024-04-24,197.8735808179,103.7004558179,518.4254558179
2024-04-25,233.41053721016667,104.3024955435,619.0274955435
2024-04-26,215.2010319261333,99.6630735928,513.3880735928
2024-04-27,160.22152324176662,101.5347315751,225.6897315751
2024-04-28,106.81894147079994,99.2566914708,113.9816914708
2024-04-29,136.11023240589995,99.1437324059,230.9837324059
2024-04-30,128.0898973759667,96.0792307093,228.0792307093
2024-05-01,147.40104821163334,98.0745898783,205.8115898783
2024-05-02,192.33421815713334,120.9470098238,301.0580098238
2024-05-03,275.2765351440666,235.7348684774,318.7348684774
2024-05-04,321.0464553343998,319.7214553344,324.8214553344
2024-05-05,311.64355529793323,278.8727219646,333.8727219646
2024-05-06,303.79078957079986,271.7144145708,332.8254145708
2024-05-07,287.3795479030666,267.2590062364,333.2590062364
2024-05-08,291.9201586454999,253.1792836455,345.1792836455
2024-05-09,259.6653649890666,203.8736983224,326.8736983224
2024-05-10,245.45774391933332,218.899410586,292.899410586
2024-05-11,223.70626404223333,215.6854307089,286.6854307089
2024-05-12,140.94252807853334,99.7749447452,205.5579447452
2024-05-13,191.03094626270004,160.2184462627,285.2184462627
2024-05-14,222.2071280426999,180.0196280427,301.0196280427
2024-05-15,209.34093631876667,178.4242696521,302.9242696521
2024-05-16,216.53273519290008,153.4669851929,374.4669851929
2024-05-17,260.5615195208,152.4540195208,567.4540195208
2024-05-18,257.19032013093334,146.6417367976,361.6417367976
2024-05-19,196.20506496703334,145.1273566337,355.6923566337
2024-05-20,286.8978015392666,159.8778848726,364.8778848726
2024-05-21,277.53416165320004,207.3859116532,368.1749116532
2024-05-22,365.7444141074334,264.0624557741,396.0624557741
2024-05-23,380.155444823,363.655444823,570.655444823
2024-05-24,452.0662702864333,353.1079369531,583.1079369531
2024-05-25,472.2592332755667,304.3425666089,584.3425666089
2024-05-26,360.83330645560005,156.9391814556,586.9391814556
2024-05-27,441.0570166356999,234.9321416357,654.9321416357
2024-05-28,420.19928345376667,305.5326167871,684.5326167871
2024-05-29,459.6175050147001,304.2783800147,694.2783800147
2024-05-30,336.8566948177001,225.6544448177,624.2004448177
2024-05-31,213.4664131267333,96.9580797934,354.9580797934
2024-06-01,232.76606003789993,164.8835600379,376.5835600379
2024-06-02,237.14559251543324,161.2297591821,361.2297591821
2024-06-03,254.1309941518333,198.0476608185,368.0476608185
2024-06-04,305.8155267667,200.4121517667,595.4121517667
2024-06-05,394.2040952119333,243.8001368786,944.9231368786
2024-06-06,359.9384200799002,306.4384200799,385.4384200799
2024-06-07,349.64688666060005,244.6468866606,595.6468866606
2024-06-08,370.25392679600003,263.628926796,550.628926796
2024-06-09,307.9522276082668,227.7203109416,406.7203109416
2024-06-10,301.2527305185334,234.0443971852,412.5443971852
2024-06-11,305.3233161860332,251.6774828527,392.6774828527
2024-06-12,332.48377228010014,266.2337722801,391.2337722801
2024-06-13,360.14058122630007,309.6405812263,391.6405812263
2024-06-14,371.26948753033344,359.936154197,390.936154197
2024-06-15,291.4885401756332,205.5570818423,386.5770818423
2024-06-16,274.2533911621668,241.1072244955,406.3032244955
2024-06-17,251.64622842076662,115.9526867541,412.9526867541
2024-06-18,238.436487716,168.296987716,378.296987716
2024-06-19,310.10861399770005,138.4011139977,373.4011139977
2024-06-20,315.02469245516653,208.6080257885,370.6080257885
2024-06-21,218.21568466480002,132.2554346648,337.2554346648
2024-06-22,260.2863383981,205.5215883981,334.5215883981
2024-06-23,190.84438635733338,181.471178024,211.472178024
2024-06-24,233.75792311353337,131.3009647802,376.3009647802
2024-06-25,266.1977490590667,193.9060823924,376.9060823924
2024-06-26,263.4991948895001,203.7558198895,375.7558198895
2024-06-27,278.6844460177333,207.4577376844,393.4577376844
2024-06-28,214.45225926266673,133.208842596,375.208842596
2024-06-29,197.93145380193334,117.3906204686,917.3906204686
2024-06-30,114.70516529300004,106.570665293,137.103665293
2024-07-01,127.80421373866666,107.420047072,188.131047072
2024-07-02,165.24025781153338,109.3251744782,237.3651744782
2024-07-03,187.04451421723329,128.7511808839,236.7911808839
2024-07-04,208.9916403336,104.2311403336,708.2291403336
2024-07-05,202.36518746423326,108.6568541309,708.6568541309
2024-07-06,156.48089413159994,105.2450191316,259.2430191316
2024-07-07,134.82349895393338,104.5494156206,203.5474156206
2024-07-08,193.23504637019997,104.4870463702,909.4870463702
2024-07-09,245.5020023907333,109.7311690574,909.7311690574
2024-07-10,211.72994528616675,110.1882786195,710.1882786195
2024-07-11,331.86928184233335,232.160948509,908.660948509
2024-07-12,296.4740062739999,247.690256274,358.690256274
2024-07-13,269.5171125636999,233.2742375637,298.2742375637
2024-07-14,230.12746060746667,229.1774189408,232.9784189408
2024-07-15,286.52966288370015,218.9046628837,408.9046628837
2024-07-16,291.3552874337333,253.0219541004,413.0219541004
2024-07-17,306.7043600864332,254.7460267531,510.7460267531
2024-07-18,304.47643818930004,292.3514381893,352.3514381893
2024-07-19,320.0191138308332,298.5607804975,358.5607804975
2024-07-20,318.4598756749334,263.6690423416,368.6690423416
2024-07-21,321.9149916052001,279.8749916052,398.8749916052
2024-07-22,401.1826409292666,387.3534742626,427.3534742626
2024-07-23,458.21044984993335,391.3026165166,502.2016165166
2024-07-24,370.3730859724333,239.2090026391,524.2090026391
2024-07-25,366.2131648147335,292.5053314814,457.5053314814
2024-07-26,333.2853418326001,251.6203418326,430.6203418326
2024-07-27,340.01383408103317,318.5555007477,428.5555007477
2024-07-28,281.60770340633326,229.560620073,424.560620073
2024-07-29,376.423060518,306.798060518,421.798060518
2024-07-30,400.22004251,316.72004251,426.72004251
2024-07-31,391.7929917021,303.1679917021,425.1679917021
2024-08-01,433.8099340352667,426.5182673686,458.5182673686
2024-08-02,400.88210571379994,110.9897307138,511.9897307138
2024-08-03,476.04866002609987,428.4236600261,525.4236600261
2024-08-04,459.9782006663999,439.3532006664,525.3532006664
2024-08-05,526.1771745714334,459.5313412381,603.0313412381
2024-08-06,486.39124292153355,424.4329095882,539.4329095882
2024-08-07,453.9694370048,424.2194370048,539.2194370048
2024-08-08,551.0231340826668,531.981467416,637.981467416
2024-08-09,552.6714507568998,419.1308257569,674.6308257569
2024-08-10,545.9660991221002,457.9660991221,587.9660991221
2024-08-11,394.6703938479333,106.3921855146,583.3921855146
2024-08-12,604.3383133076,568.0148133076,675.5148133076
2024-08-13,619.1528659326999,592.3143659327,672.8143659327
2024-08-14,672.2145481582336,507.8344648249,755.8344648249
2024-08-15,644.3297114411336,622.7307531078,759.7307531078
2024-08-16,610.7686621550333,589.5998288217,633.9878288217
2024-08-17,570.2342420766,538.4217420766,622.9217420766
2024-08-18,610.0653647862665,597.7173231196,677.7173231196
2024-08-19,649.9023710771668,624.1844544105,697.7954544105
2024-08-20,762.8237719220336,626.0676885887,842.7106885887
2024-08-21,756.1285984610331,708.2952651277,819.2952651277
2024-08-22,785.1897554921666,627.8400888255,823.0690888255
2024-08-23,701.829395988667,647.662729322,717.662729322
2024-08-24,645.3232683099334,622.9499349766,708.7499349766
2024-08-25,592.9788199858332,515.2239866525,633.9469866525
2024-08-26,462.2456221857999,109.2696221858,656.4596221858
2024-08-27,534.6434855198335,265.5204021865,645.4104021865
2024-08-28,542.8511299979,464.2761299979,790.2761299979
2024-08-29,509.25655815579984,469.5065581558,587.5065581558
2024-08-30,496.5399582587998,438.4077082588,568.4077082588
2024-08-31,541.5219479263667,508.6545312597,569.1415312597
2024-09-01,576.4563473971333,552.4552640638,642.9682640638
2024-09-02,641.4410994893332,493.886641156,722.886641156
2024-09-03,635.4898524877332,619.4532691544,663.2662691544
2024-09-04,648.7743106361335,632.3162273028,665.3162273028
2024-09-05,672.3340630115334,652.1114796782,701.2254796782
2024-09-06,695.3085818095666,619.2874151429,757.4194151429
2024-09-07,710.0063184258,690.7335684258,762.2195684258
2024-09-08,635.0707438423332,403.130285509,755.630285509
2024-09-09,672.8088213202666,463.9124046536,793.9124046536
2024-09-10,762.2625344856668,754.131492819,773.478492819
2024-09-11,786.7683727973335,771.482914464,812.482914464
2024-09-12,818.874166817,792.024166817,832.024166817
2024-09-13,810.4147025099005,782.6022025099,852.6022025099
2024-09-14,862.2823597430671,834.2406930764,892.2406930764
2024-09-15,848.3242092631999,668.2302092632,904.7252092632
2024-09-16,911.629800255867,904.2131335892,919.7131335892
2024-09-17,921.0341519678667,913.0299853012,927.0299853012
2024-09-18,924.9569980037,917.0129980037,932.1269980037
2024-09-19,925.5927408184663,906.0631991518,933.0631991518
2024-09-20,933.1636137869,932.1116137869,934.4116137869
2024-09-21,933.9358879195005,933.7070129195,934.4570129195
2024-09-22,933.0542902182993,927.2542902183,934.6542902183
2024-09-23,933.9592206456997,931.5183456457,934.4683456457
2024-09-24,934.3305060259,931.7612560259,934.7112560259
2024-09-25,923.8758874002997,905.7015124003,934.6715124003
2024-09-26,921.0777262438668,905.6064345772,934.4774345772
2024-09-27,911.3246463845666,889.0366047179,934.5076047179
2024-09-28,912.7935477018332,887.9354643685,934.5434643685
2024-09-29,912.3311831052997,880.0164331053,934.4894331053
2024-09-30,7235.1638005230025,7235.163800523,7235.163800523
2024-10-01,1065.5376550206995,943.1889050207,1400.6859050207
2024-10-02,1144.719364052433,943.5765307191,1659.4765307191
2024-10-03,1513.5639668741003,1089.1288418741,2495.2198418741
2024-10-04,1373.3301335407668,1188.4048418741,1927.5658418741
2024-10-05,1370.1690502074334,969.8648418741,1967.5658418741
2024-10-06,1147.5877950668335,895.6475867335,1659.6025867335
2024-10-07,1597.7695918741003,1487.5658418741,1660.5658418741
2024-10-08,1422.8200085407668,1167.5658418741,1547.5658418741
2024-10-09,1531.0410502074337,1197.5658418741,1698.5658418741
2024-10-10,1256.6803518266331,1037.7220184933,1598.7220184933
2024-10-11,1329.1794428321666,898.3704011655,2534.6454011655
2024-10-12,1007.9915529994,649.7134279994,2535.9704279994
2024-10-13,1271.773108903067,610.2690672364,1900.2690672364
2024-10-14,1596.7043544339333,867.9248961006,2532.1708961006
2024-10-15,1740.131258540767,1397.5658418741,1967.5658418741
2024-10-16,1689.9289252074334,1397.5658418741,1991.4878418741
2024-10-17,1656.5470918741005,1292.5658418741,2531.8118418741
2024-10-18,1880.3553418741003,1847.5658418741,1936.5658418741
2024-10-19,2259.4545616307673,1098.1847699641,2674.7497699641
2024-10-20,1052.9113899262002,895.7026399262,1197.6576399262
2024-10-21,1216.2671222646002,583.0316222646,2080.5206222646
2024-10-22,1644.7242520906,637.4131270906,2099.5051270906
2024-10-23,1685.6758383704,639.7954633704,2078.6664633704
2024-10-24,1460.4621499771335,1088.7869416438,2048.7869416438
2024-10-25,2003.336954762334,1747.565871429,2121.527871429
2024-10-26,1699.5603824339998,1097.589632434,2122.396632434
2024-10-27,1083.2891482007,491.2340232007,2126.5200232007
2024-10-28,1827.4960955336,1747.5675955336,2122.8515955336
2024-10-29,1751.3171595141002,1547.5671595141,1847.5671595141
2024-10-30,1701.0249629188331,1577.5666295855,1745.5666295855
2024-10-31,2457.078197806068,2457.0772811394,2457.0782811394
2024-11-01,2459.143032040099,2459.1430320401,2459.1430320401
2024-11-02,2451.7042820400993,2399.6330320401,2459.1430320401
2024-11-03,2459.143032040099,2459.1430320401,2459.1430320401
2024-11-04,2365.885948706766,1899.6330320401,2459.1430320401
2024-11-05,1581.8966931960338,659.1408598627,1927.6358598627
2024-11-06,1869.9027349463665,657.2116932797,2675.4906932797
2024-11-07,1894.5513653734333,1449.6330320401,2459.1430320401
2024-11-08,1546.429863994633,999.6427806613,2127.9317806613
2024-11-09,781.6713794664665,700.2749627998,1490.2749627998
2024-11-10,824.4914732053334,588.307264872,1751.617264872
2024-11-11,808.3542861594123,700.6042861594,1490.6042861595
2024-11-12,980.1627897528666,374.8339980862,1752.6339980862
2024-11-13,826.5730347291668,268.3381180625,1751.3581180625
2024-11-14,910.9531876630335,446.8006043297,1698.8956043297
2024-11-15,658.2047756078667,107.5611089412,2135.3861089412
2024-11-16,682.4104654241335,107.5518820908,1053.7518820908
2024-11-17,528.2570144625,116.3321394625,1612.6321394625
2024-11-18,694.0157295633335,109.36014623,1067.17714623
2024-11-19,688.3615459360334,232.6422126027,925.6282126027
2024-11-20,767.5299775528,470.7071025528,900.6651025528
2024-11-21,559.211377015133,108.8169186818,809.7169186818
2024-11-22,676.4625008933332,103.84716756,894.00216756
2024-11-23,558.0742071149334,105.8537487816,756.7517487816
2024-11-24,225.83198095253337,101.5480226192,593.5480226192
2024-11-25,442.18491340353336,307.1507050702,896.4077050702
2024-11-26,493.69063844626663,309.5845967796,929.5845967796
2024-11-27,762.5970789282663,383.7586622616,936.5586622616
2024-11-28,796.6542403734333,749.6330320401,919.6330320401
2024-11-29,596.3108113699665,103.5851447033,760.0181447033
2024-11-30,434.56028010226674,109.2733634356,724.2733634356
2024-12-01,551.6232340219335,114.9564006886,723.1054006886
2024-12-02,657.7073739397664,556.0407072731,756.0407072731
2024-12-03,731.2092960327333,724.0482126994,756.4622126994
2024-12-04,779.6901713741669,754.4142547075,806.4142547075
2024-12-05,794.5145127675996,726.3443877676,820.0013877676
2024-12-06,783.3838495443,765.5853495443,795.4853495443
2024-12-07,807.9391432623332,789.160309929,835.466309929
2024-12-08,714.9888467526334,249.3938884193,849.7458884193
2024-12-09,847.7591749725335,816.8669666392,861.5099666392
2024-12-10,861.3990698460003,829.036069846,909.205069846
2024-12-11,875.8814983231333,828.7126649898,951.4836649898
2024-12-12,891.4567287954668,784.1810621288,946.0990621288
2024-12-13,944.8072701798995,925.5572701799,966.5572701799
2024-12-14,1009.015506152667,995.498839486,1095.498839486
2024-12-15,936.1583095292666,753.2877678626,1186.2147678626
2024-12-16,1087.2251518981002,810.2750268981,1326.9740268981
2024-12-17,1047.0581743952337,809.7867160619,1356.9917160619
2024-12-18,926.4920162510997,751.9305162511,1049.0525162511
2024-12-19,882.6784986652461,729.0942903319,1106.657290332
2024-12-20,927.7535500879331,788.8320917546,1156.3070917546
2024-12-21,950.7443382622997,790.4507132623,1156.2627132623
2024-12-22,874.5035741604667,796.5802824938,1008.0082824938
2024-12-23,715.9295516142997,121.8149266143,981.2979266143
2024-12-24,712.2450786254332,425.5037452921,937.9817452921
2024-12-25,426.2424918338001,112.4114918338,761.8944918338
2024-12-26,523.9834985627998,112.9358735628,692.4188735628
2024-12-27,383.8051378158,114.0906378158,663.0906378158
2024-12-28,499.0670241787668,372.6578575121,555.6578575121
2024-12-29,299.60496244973336,111.7215041164,544.0435041164
2024-12-30,385.0886577223668,209.2699910557,509.2699910557
2024-12-31,162.42816505919998,119.2004150592,500.2004150592
2025-01-01,215.59413263286672,112.9024659662,448.4214659662
2025-01-02,459.51807866333326,253.74799533,620.07499533
2025-01-03,507.1387581797666,480.2313415131,550.2313415131
2025-01-04,415.56836552120006,399.5777405212,450.5777405212
2025-01-05,175.30635405689998,114.5906040569,401.0766040569
2025-01-06,315.5945676257,191.6564426257,451.6564426257
2025-01-07,343.5564533673666,211.7699117007,531.7699117007
2025-01-08,241.03702294253335,213.0776896092,303.2006896092
2025-01-09,221.49865891539994,191.6900339154,269.6900339154
2025-01-10,218.92089916633333,202.046690833,250.546690833
2025-01-11,267.9270787116665,255.510412045,300.510412045
2025-01-12,296.6013913489335,261.6430580156,350.6430580156
2025-01-13,377.38939082543334,346.0560574921,436.0560574921
2025-01-14,443.54928537210003,360.4242853721,550.4242853721
2025-01-15,547.2532166347002,464.7532166347,929.7532166347
2025-01-16,596.2319140259001,579.3569140259,649.3569140259
2025-01-17,685.7283355232331,598.9400021899,718.6520021899
2025-01-18,665.6260483037331,575.0010899704,810.0000899704
2025-01-19,638.1773124560664,574.4356457894,789.4356457894
2025-01-20,651.4041932218,529.1644432218,800.1644432218
2025-01-21,676.7805774524666,591.7465357858,800.7465357858
2025-01-22,701.4657314517,636.0307314517,761.0307314517
2025-01-23,737.2064472699996,701.05982227,800.05982227
2025-01-24,679.7404575997333,636.3439992664,725.3069992664
2025-01-25,720.5593343389664,701.3114176723,806.3114176723
2025-01-26,755.3285698112664,704.0640281446,870.0640281446
2025-01-27,726.3682152861002,582.1704652861,817.1704652861
2025-01-28,730.2935718932335,560.1827385599,904.3567385599
2025-01-29,756.3832640371,660.5001390371,949.5001390371
2025-01-30,698.2057370794333,559.6140287461,949.0620287461
2025-01-31,634.8604521885334,400.7756188552,950.6756188552
2025-02-01,628.5351848785668,524.7435182119,758.7435182119
2025-02-02,491.39898890576677,358.0205722391,762.5205722391
2025-02-03,647.6934562366334,576.2988729033,928.3608729033
2025-02-04,675.8234660788333,594.8658827455,704.8658827455
2025-02-05,707.1192039840003,635.869203984,755.869203984
2025-02-06,733.8331102446667,625.133693578,845.133693578
2025-02-07,640.5794558340332,372.3849975007,918.3849975007
2025-02-08,490.1375571642333,372.3134738309,546.3134738309
2025-02-09,621.4635911386335,520.1231328053,825.0001328053
2025-02-10,590.4464363317668,354.9410196651,725.9410196651
2025-02-11,410.27038583559994,110.3536358356,700.8406358356
2025-02-12,610.1753416305335,111.0920082972,847.0920082972
2025-02-13,548.5641724194335,257.3982140861,731.9852140861
2025-02-14,461.06109363389993,354.6860936339,505.6860936339
2025-02-15,445.6567407099669,409.6775740433,451.1775740433
2025-02-16,343.5426034000334,115.4438950667,420.2438950667
2025-02-17,305.47057559033334,115.093492257,369.991492257
2025-02-18,269.51324282773334,114.4205344944,388.4205344944
2025-02-19,229.8213056764334,113.1129723431,467.1129723431
2025-02-20,253.07052885816663,202.7788621915,500.7788621915
2025-02-21,207.7609922108666,111.9693255442,465.9693255442
2025-02-22,197.59173519366672,156.693818527,278.003818527
2025-02-23,192.81254000159996,118.5170400016,254.5210400016
2025-02-24,263.4163254551666,162.4996587885,617.4996587885
2025-02-25,301.9928803822999,178.8985053823,764.8985053823
2025-02-26,264.16553249143334,180.3039491581,620.3039491581
2025-02-27,238.19340258376667,169.7767359171,619.7767359171
2025-02-28,235.11322246210003,161.7063474621,616.7063474621
2025-03-01,169.0032988440667,144.9616321774,193.9616321774
2025-03-02,151.70605420860008,131.0810542086,187.0810542086
2025-03-03,214.2580066885333,136.5496733552,630.5496733552
2025-03-04,259.94191547349993,190.0462904735,620.0462904735
2025-03-05,224.23915598090005,140.3266559809,401.2266559809
2025-03-06,225.42764549226672,137.0109788256,622.0109788256
2025-03-07,187.1410509210334,129.0865925877,409.0865925877
2025-03-08,185.4536499912,131.4443999912,391.4443999912
2025-03-09,189.65220024793337,111.5352419146,403.0872419146
2025-03-10,240.1753875205667,159.9943458539,939.9943458539
2025-03-11,287.06198812630004,163.3119881263,943.3119881263
2025-03-12,277.45471989066664,162.288053224,942.288053224
2025-03-13,251.64397757589992,160.5439775759,380.5439775759
2025-03-14,241.03804865936658,156.2463819927,391.2463819927
2025-03-15,236.8536407365334,162.4404324032,397.4404324032
2025-03-16,239.12293125149998,192.2479312515,405.2479312515
2025-03-17,256.87106293143324,161.1942295981,404.1942295981
2025-03-18,236.8934408952,116.5184408952,406.5184408952
2025-03-19,255.8888418024666,161.9201751358,405.9201751358
2025-03-20,269.2483970353,184.5290220353,406.5290220353
2025-03-21,225.4395598714333,180.8562265381,407.8562265381
2025-03-22,208.17049241616658,156.0038257495,405.0038257495
2025-03-23,160.6322894241333,115.5489560908,250.5489560908
2025-03-24,195.91747365486665,121.6675569882,306.6675569882
2025-03-25,280.54017225199993,172.188047252,942.188047252
2025-03-26,244.62051814983326,156.9121848165,405.9121848165
2025-03-27,302.88987312540013,170.5479981254,461.5479981254
2025-03-28,268.2419392528333,158.9086059195,530.9086059195
2025-03-29,171.24853334566671,157.456866679,197.456866679
2025-03-30,173.81286186476666,117.6676951981,510.9956951981
2025-03-31,253.8337619883001,108.2891369883,536.1821369883
2025-04-01,204.48492188199998,164.984921882,359.984921882
2025-04-02,214.24265207536655,130.2844854087,460.2844854087
2025-04-03,222.23537189369995,116.4031218937,931.4021218937
2025-04-04,161.10899030480005,107.1173653048,929.8793653048
2025-04-05,118.16541090903333,114.4820775757,130.7220775757
2025-04-06,131.83021921943336,119.3843858861,184.3843858861
2025-04-07,172.94116359510005,116.4711635951,932.7111635951
2025-04-08,230.20397109040005,115.2164710904,930.1164710904
2025-04-09,202.00753270946666,109.5306160428,933.2926160428
2025-04-10,156.89827398659995,117.6357739866,198.1357739866
2025-04-11,116.28358149810002,109.3929564981,147.1549564981
2025-04-12,112.89013842446667,107.5763467578,140.3383467578
2025-04-13,110.61239614486668,108.2234794782,116.9854794782
2025-04-14,112.32206857503336,107.0134852417,119.7754852417
2025-04-15,126.25320395573335,115.4217456224,221.4217456224
2025-04-16,124.95928912149998,107.4344141215,200.1964141215
2025-04-17,113.94478496509997,107.3100349651,120.0710349651
2025-04-18,114.14613179329997,107.0415067933,119.8025067933
2025-04-19,116.55318214683338,109.1928488135,121.9548488135
2025-04-20,116.63899189426667,113.2080752276,119.4530752276
2025-04-21,111.26058381273337,106.0075004794,128.7695004794
2025-04-22,146.0620888168667,107.4395471502,930.2015471502
2025-04-23,159.20790881256673,109.1233671459,931.8853671459
2025-04-24,156.39110602690002,113.6186060269,931.1186060269
2025-04-25,115.9787906605667,108.5904989939,156.3524989939
2025-04-26,110.89590737283338,108.7660740395,115.2830740395
2025-04-27,111.05666939400004,110.679669394,112.941669394
2025-04-28,109.82136186190003,108.9124868619,115.4294868619
2025-04-29,109.11708068503333,107.5708723517,114.0878723517
2025-04-30,108.04577911176663,107.5857374451,114.1027374451
2025-05-01,107.16126008070002,106.9426325807,108.6915325807
2025-05-02,106.8725623097,105.9874523097,110.7363723097
2025-05-03,108.14390045180001,108.1438967018,108.1439167018
2025-05-04,105.4741607574,105.4741320074,105.4741820074
2025-05-05,106.3639560381,105.2558772881,110.0047872881
2025-05-06,153.6680063944,108.9935451444,628.7424351444
2025-05-07,110.55846677806666,108.9734538614,113.7223438614
2025-05-08,107.99280857399998,106.766049824,111.514919824
2025-05-09,106.25195298970004,104.9835242397,109.7324142397
2025-05-10,105.52795467589999,104.8531259259,109.6020259259
2025-05-11,107.83865995389995,107.5262374539,111.2751374539
2025-05-12,155.41185833547502,105.7934347755,852.1993147755
2025-05-13,186.7387770089667,115.7096090923,1028.4095990923
2025-05-14,163.9360871467,114.2887283967,860.6945783967
2025-05-15,122.44764514256666,118.0101422259,129.0101422259
2025-05-16,110.69182553176665,108.0009276151,112.7497976151
2025-05-17,112.47396914950001,111.7844691495,116.7844691495
2025-05-18,106.7352341257333,106.1104032924,109.8593032924
2025-05-19,123.10522702169997,104.9913282717,484.7401982717
2025-05-20,168.79280493519997,109.0262374352,855.4321274352
2025-05-21,169.60842913683334,106.5502145535,852.9560945535
2025-05-22,156.5131717756,108.3159892756,854.7218192756
2025-05-23,174.14195084280001,112.7920770928,859.1979470928
2025-05-24,110.20029506253336,108.0946704792,112.8435104792
2025-05-25,109.28411744513329,108.2886028618,112.0374928618
2025-05-26,110.60750701313331,108.5663786798,113.3152886798
2025-05-27,122.84653264169998,105.8775676417,455.6264476417
2025-05-28,122.1400486438,105.5051611438,455.2540111438
2025-05-29,153.43747780893338,105.8109757256,852.2168757256
2025-05-30,109.07719415163335,106.4896820683,114.8545720683
2025-05-31,107.70883889279997,105.7114588928,110.4603488928
2025-06-01,106.38248996983334,105.1760316365,110.6760316365
2025-06-02,108.21009411566668,105.455927449,110.955927449
2025-06-03,108.62790499819998,106.1489049982,114.0449049982
2025-06-04,107.04278702116665,104.6011203545,111.2011203545
2025-06-05,111.99609737403335,108.3438890407,115.5888890407
2025-06-06,106.84371480536667,105.2645481387,110.3645481387
2025-06-07,105.63134384033334,104.747885507,109.747885507
2025-06-08,108.18226280173332,107.3321794684,112.3321794684
2025-06-09,116.98480596756667,108.3727643009,150.3727643009
2025-06-10,109.0291799091,108.9581799091,109.5581799091
2025-06-11,108.22850507530006,108.1785050753,108.5785050753
2025-06-12,110.827292903,109.564792903,114.564792903
2025-06-13,107.85522662266663,107.738559956,109.738559956
2025-06-14,112.03969708746665,109.3585304208,151.3585304208
2025-06-15,112.12050309440002,112.1205030944,112.1205030944
2025-06-16,110.70665657183332,109.6800732385,116.3180732385
2025-06-17,105.3875477031,105.3875477031,105.3875477031
2025-06-18,105.37946167146664,104.8669200048,110.8669200048
2025-06-19,105.79945835350001,105.5244583535,111.5244583535
2025-06-20,106.37182654149997,105.5968265415,111.5968265415
2025-06-21,105.5391014879,105.5141014879,105.8141014879
2025-06-22,105.51802534150006,105.5180253415,105.5180253415
2025-06-23,109.10781423726671,108.6661475706,113.6661475706
2025-06-24,119.46791247846664,107.1956208118,386.1956208118
2025-06-25,151.08562264266664,104.999330976,822.850330976
2025-06-26,153.7225937492333,107.0505104159,824.9015104159
2025-06-27,124.21952109940003,107.0013960994,464.0013960994
2025-06-28,106.3488028461,105.5190528461,112.1570528461
2025-06-29,104.30336427033332,104.245030937,104.945030937
2025-06-30,106.4379608430334,105.5488775097,112.5488775097
2025-07-01,105.96978625240001,104.4847862524,113.0127862524
2025-07-02,128.5790934753,108.1688434753,461.6968434753
2025-07-03,114.8616448745333,108.8086865412,192.3366865412
2025-07-04,114.41780931209998,106.9940593121,190.5220593121
2025-07-05,109.1540704324333,105.6079870991,149.1359870991
2025-07-06,108.38210773173334,108.3817743984,108.3837743984
2025-07-07,131.87736683286667,105.3508251662,438.8788251662
2025-07-08,151.56096101936666,107.8820443527,833.3700443527
2025-07-09,181.70566697786668,112.0633753112,837.5513753112
2025-07-10,168.8603426842666,114.9974260176,221.0304260176
2025-07-11,141.22941612970007,105.1019161297,198.6299161297
2025-07-12,122.84176744176663,113.3722257751,153.4042257751
2025-07-13,117.86277542273332,108.4221920894,146.9501920894
2025-07-14,110.23284186270001,105.8378418627,113.5468418627
2025-07-15,130.5541169875667,106.4699503209,359.9979503209
2025-07-16,131.0397147574,106.6794647574,360.2074647574
2025-07-17,121.43444909186667,105.5695324252,309.0975324252
2025-07-18,142.1718974335,104.8443974335,830.3323974335
2025-07-19,111.19516738016665,105.5810007135,128.1090007135
2025-07-20,110.15318701619998,105.0159370162,118.5439370162
2025-07-21,127.91357138343334,104.6607380501,298.1887380501
2025-07-22,161.1588092946333,112.7921009613,825.6931009613
2025-07-23,163.1569864006667,113.309069734,943.029069734
2025-07-24,166.48623731773336,111.9511539844,826.3221539844
2025-07-25,129.5415945005334,113.0776361672,296.5976361672
2025-07-26,122.40351953633335,113.922436203,157.450436203
2025-07-27,108.59519108876663,103.5800244221,118.1080244221
2025-07-28,148.83240104356665,108.5253593769,827.9033593769
2025-07-29,132.94196383289997,106.3349638329,294.8629638329
2025-07-30,180.64671945940003,109.8112194594,829.1902194594
2025-07-31,180.46192904370002,104.8164290437,824.1954290437
2025-08-01,183.33050986296666,106.5280931963,863.2180931963
2025-08-02,130.26522218750003,102.4574721875,291.0264721875
2025-08-03,113.4452507097,103.1663757097,156.7353757097
2025-08-04,162.20795226136667,105.7202855947,862.4102855947
2025-08-05,208.72462345720007,104.7753734572,861.4653734572
2025-08-06,190.65680197796667,104.7688853113,922.4648853113
2025-08-07,155.25050139593333,105.9995430626,862.6895430626
2025-08-08,167.11288447193337,102.5488011386,859.2388011386
2025-08-09,114.50139375286669,102.2454770862,290.8144770862
2025-08-10,122.05296796563334,104.6045096323,168.1735096323
2025-08-11,174.38730703516669,107.5667653685,873.5077653685
2025-08-12,201.76519792963333,104.7287395963,861.4187395963
2025-08-13,222.22224922273338,106.7920408894,863.4820408894
2025-08-14,328.12986573970005,113.3571157397,2224.1041157397
2025-08-15,225.10420432009994,165.9792043201,455.9792043201
2025-08-16,216.48677265510003,183.4867726551,307.4867726551
2025-08-17,232.37744720373334,215.6691138704,259.6691138704
2025-08-18,263.7003555482667,234.2836888816,335.2836888816
2025-08-19,332.18747847096654,184.7735618043,1172.3885618043
2025-08-20,298.249691674,242.695691674,860.816691674
2025-08-21,307.4223287919001,186.3735787919,534.3595787919
2025-08-22,281.7440077449332,269.4106744116,344.4106744116
2025-08-23,228.08247229769998,183.6992222977,452.6992222977
2025-08-24,237.1733786473667,101.9382119807,404.5072119807
2025-08-25,297.69379378316677,253.0271271165,454.0271271165
2025-08-26,328.1662284986666,261.286186832,856.407186832
2025-08-27,321.93251594299994,269.344140943,858.465140943
2025-08-28,453.0786864983999,343.7588114984,2218.5058114984
2025-08-29,395.5249904319665,304.6768237653,904.0328237653
2025-08-30,353.60575111176666,233.8157094451,901.8797094451
2025-08-31,271.53398607943325,205.3109027461,445.3109027461
2025-09-01,354.0550822545333,107.7216239212,704.5336239212
2025-09-02,270.65997424516667,104.5465575785,857.6515575785
2025-09-03,271.10314851999993,107.24427352,855.93027352
2025-09-04,247.3708839849667,105.9468423183,859.0518423183
2025-09-05,225.5065919186667,101.474925252,870.418925252
2025-09-06,132.56875077836662,107.0489591117,456.5489591117
2025-09-07,105.24366121076666,99.3613695441,203.3053695441
2025-09-08,222.71976076066673,101.688094094,870.632094094
2025-09-09,216.9443758235333,100.3935424902,869.3375424902
2025-09-10,243.9860645948667,109.1278979282,1022.4998979282
2025-09-11,299.73899828796664,109.7512066213,899.6732066213
2025-09-12,280.6896735353334,106.662715202,871.186715202
2025-09-13,219.34397818816672,124.6773115215,869.6773115215
2025-09-14,170.27293747380006,162.7729374738,203.7729374738
2025-09-15,333.62986677226667,228.9893251056,868.9893251056
2025-09-16,389.8946178818667,248.5062012152,868.5062012152
2025-09-17,351.0140233836332,262.5556900503,868.5556900503
2025-09-18,306.3835089010667,245.3184672344,853.4794672344
2025-09-19,305.5170731690667,243.8785315024,602.8785315024
2025-09-20,272.5939589082,244.2189589082,453.2189589082
2025-09-21,251.48433406143337,203.2760007281,453.2760007281
2025-09-22,338.2852141276333,232.0735057943,854.0365057943
2025-09-23,360.41431580993327,252.3361074766,851.4971074766
2025-09-24,420.41550436749986,287.2817543675,851.4427543675
2025-09-25,501.3632569658667,360.5723402992,1186.2553402992
2025-09-26,478.1218325396665,399.830165873,860.830165873
2025-09-27,295.4011515403333,222.942818207,602.942818207
2025-09-28,314.01198519409996,261.2619851941,402.2619851941
2025-09-29,332.90039680480004,108.7071468048,865.6291468048
2025-09-30,267.8884396920667,108.0252730254,864.9472730254
2025-10-01,308.8719307882666,107.4771391216,822.8901391216
2025-10-02,299.16068984049997,107.7265648405,823.7995648405
2025-10-03,301.3294686471333,233.1893853138,705.1893853138
2025-10-04,222.71329188523336,180.9802085519,455.9802085519
2025-10-05,209.29461892963332,102.4786605963,279.0836605963
2025-10-06,227.94664800070004,102.1857730007,458.7907730007
2025-10-07,262.7816774270666,227.7400107604,458.7400107604
2025-10-08,235.52193958646674,107.1590229198,459.3440229198
2025-10-09,234.35787617959988,197.6391261796,456.6391261796
2025-10-10,176.2022760640333,109.5740677307,276.1790677307
2025-10-11,128.34456749569998,102.4459424957,200.0509424957
2025-10-12,108.21234294540001,103.7138429454,145.3188429454
2025-10-13,108.76024880889997,103.1469988089,134.7519988089
2025-10-14,144.94411879316667,103.9503271265,460.5553271265
2025-10-15,181.59990486340004,99.5106548634,820.4666548634
2025-10-16,175.9427050963667,111.0266634297,827.7776634297
2025-10-17,160.35510997473335,109.4671516414,462.8671516414
2025-10-18,159.50593431560003,110.0429343156,362.0429343156
2025-10-19,123.96001320723337,103.3319298739,184.9369298739
2025-10-20,147.1204159690667,103.5932493024,824.5492493024
2025-10-21,179.4541836649,106.9829336649,825.0119336649
2025-10-22,123.32153699833333,109.133578665,152.810578665
2025-10-23,137.80341277616668,102.4262461095,459.0312461095
2025-10-24,125.44355777909999,103.7619327791,205.4399327791
2025-10-25,115.1683103617667,107.5152686951,176.1942686951
2025-10-26,103.55236646526664,101.3731997986,106.2561997986
2025-10-27,106.63235548586665,104.9083138192,109.7923138192
2025-10-28,169.48533197423333,107.5488736409,828.5048736409
2025-10-29,117.52597250626665,102.6493058396,436.3283058396
2025-10-30,113.41137277496665,109.4153311083,126.0203311083
2025-10-31,107.7949172947333,105.1689589614,110.0519589614
2025-11-01,157.0597199775667,98.3083033109,793.4593033109
2025-11-02,103.04031452963336,97.8514811963,115.1944811963
2025-11-03,103.62197122273334,98.4160128894,116.7590128894
2025-11-04,176.46624776396672,99.3113310973,794.4623310973
2025-11-05,191.6485742473,105.5345742473,1079.6145742473
2025-11-06,185.08356488420006,121.3608148842,792.3788148842
2025-11-07,225.74988386733335,133.540800534,791.348800534
2025-11-08,179.1302370715334,134.3199037382,793.1279037382
2025-11-09,146.25053644913334,135.2922031158,164.2922031158
2025-11-10,254.23167875283332,149.1268454195,791.9348454195
2025-11-11,347.03662958833337,181.708046255,789.516046255
2025-11-12,320.6145389817666,212.3382473151,789.8082473151
2025-11-13,296.0555813196001,180.8323313196,739.1113313196
2025-11-14,296.3088663744333,180.5227830411,609.5227830411
2025-11-15,243.60011141316667,181.3026947465,299.3026947465
2025-11-16,179.93726857720003,107.9637685772,227.3787685772
2025-11-17,186.38088588476663,99.7874692181,374.2024692181
2025-11-18,229.19454719466668,103.631755528,798.782755528
2025-11-19,340.95070773403336,152.9126244007,791.7206244007
2025-11-20,220.1295608306667,106.624019164,798.848019164
2025-11-21,270.0514101695333,104.3620768362,796.5860768362
2025-11-22,218.45667452273327,138.2835911894,796.0915911894
2025-11-23,188.36431185799998,141.076811858,255.076811858
2025-11-24,251.98384840633332,125.984765073,835.984765073
2025-11-25,194.64177148316674,143.3206048165,795.1286048165
2025-11-26,246.12314252910002,103.5308925291,795.3388925291
2025-11-27,247.9852127148333,182.2151293815,722.8561293815
2025-11-28,258.76189301639994,248.7618930164,268.7618930164
2025-11-29,247.14220924280008,238.7672092428,287.7672092428
2025-11-30,258.61391001520013,236.3639100152,294.3639100152
2025-12-01,292.7380475383998,274.4880475384,304.4880475384
2025-12-02,254.17319834236662,111.9422816757,327.3802816757
2025-12-03,230.4419846932,114.6057346932,366.1447346932
2025-12-04,237.29834017070007,111.6943401707,340.6903401707
2025-12-05,188.29778487609997,109.7722848761,465.2102848761
2025-12-06,164.57994401653335,114.6778606832,260.1158606832
2025-12-07,164.374976309,110.554851309,235.992851309
2025-12-08,136.06841367726668,107.5439970106,203.0809970106
2025-12-09,219.90077002393323,116.6264366906,313.6264366906
2025-12-10,202.28968661829995,110.2324366183,315.6704366183
2025-12-11,235.00332808349992,115.8783280835,313.8783280835
2025-12-12,251.69550501510003,227.1955050151,356.1955050151
2025-12-13,246.3020219734334,243.3211886401,273.4311886401
2025-12-14,236.47869341943326,115.9038600861,305.8998600861
2025-12-15,293.7103559845999,245.9953559846,331.9953559846
2025-12-16,324.7282409405667,276.3740742739,336.3740742739
2025-12-17,346.1764707027,340.3988457027,355.3988457027
2025-12-18,379.1579248525665,349.1217581859,431.6107581859
2025-12-19,384.91433540476663,344.6041687381,421.6041687381
2025-12-20,392.96964270816653,380.5899760415,418.4789760415
2025-12-21,401.70541159449994,256.5674115945,433.9494115945
2025-12-22,437.8266236094332,434.5997902761,443.5997902761
2025-12-23,435.13690413950013,432.6827791395,438.1827791395
2025-12-24,270.66665178190004,240.8034017819,387.9034017819
2025-12-25,203.35567661773334,114.4528432844,339.8908432844
2025-12-26,253.24822330906667,110.5195566424,360.9575566424
2025-12-27,280.2845340305333,112.3172006972,403.8562006972
2025-12-28,287.8382032089668,232.1177865423,336.8667865423
2025-12-29,320.73074417099986,270.049244171,356.760244171
2025-12-30,298.5028215112667,280.5859048446,326.5859048446
2025-12-31,273.2635170039334,269.4598086706,284.4598086706
2026-01-01,292.82012855303316,103.0407952197,332.4127952197
2026-01-02,334.3585548688,325.9890548688,351.9670548688
2026-01-03,338.6813950157334,327.8983116824,354.8983116824
2026-01-04,301.4023081979669,268.7818915313,347.7478915313
2026-01-05,324.7415281339667,262.3403614673,353.8553614673
2026-01-06,317.9677771449001,301.2247771449,349.6407771449
2026-01-07,274.1473790810334,245.5281707477,328.1201707477
2026-01-08,194.05560721566658,107.667065549,287.667065549
2026-01-09,196.3559330161667,124.7767663495,279.7767663495
2026-01-10,193.84141130323346,113.5415779699,276.4595779699
2026-01-11,125.074156481,110.802531481,219.310531481
2026-01-12,159.64897229430005,113.1793472943,216.0973472943
2026-01-13,146.58486076193324,105.2355274286,209.1535274286
2026-01-14,137.4505577776333,109.4472244443,216.9552244443
2026-01-15,143.19079184893337,111.7460835156,191.3460835156
2026-01-16,117.5719051323667,109.4412384657,168.0412384657
2026-01-17,107.17050562176672,100.4648389551,126.0648389551
2026-01-18,115.49305565926663,97.5798889926,171.1798889926
2026-01-19,147.50546046670001,105.7042104667,178.7142104667
2026-01-20,176.78655274463338,174.2157194113,191.2157194113
2026-01-21,181.43945762386667,175.6977909572,205.6977909572
2026-01-22,188.15078699109995,181.4307869911,220.4307869911
2026-01-23,202.55950763573335,196.4111743024,220.4111743024
2026-01-24,212.3094536069,201.4444536069,241.6344536069
2026-01-25,228.3045198913667,217.7066032247,253.7066032247
2026-01-26,248.1435664872666,230.3183998206,291.2693998206
2026-01-27,262.05292101949993,254.1085460195,285.1085460195
2026-01-28,258.01623569713325,253.7479023638,266.7479023638
2026-01-29,246.26364037936665,242.0508487127,264.0508487127
2026-01-30,206.11425306170005,108.2412530617,256.8412530617
2026-01-31,211.07566815079988,208.0029181508,218.6259181508
2026-02-01,170.18425528926676,121.5063386226,214.6493386226
2026-02-02,138.5775984886667,105.458431822,204.104431822
2026-02-03,133.09279175063332,117.7475834173,186.3935834173
2026-02-04,144.56772342723335,115.2607650939,203.9067650939
2026-02-05,131.0639962604667,115.3838295938,204.0298295938
2026-02-06,130.3311273540667,121.2740856874,144.6240856874
2026-02-07,114.5355950852334,113.8897617519,116.8897617519
2026-02-08,109.32426217460001,103.6388871746,122.3958871746
2026-02-09,114.38421221846671,111.3949205518,118.5379205518
2026-02-10,116.52513714549997,113.1502621455,131.7962621455
2026-02-11,130.91473427213336,125.5471509388,146.3041509388
2026-02-12,127.16058603686666,123.8626693702,137.0056693702
2026-02-13,119.0194928794,118.1678678794,121.4688678794
2026-02-14,122.73608492239998,114.6728349224,168.6738349224
2026-02-15,120.3727271683,105.0851021683,164.7311021683
2026-02-16,111.5677285896,108.8444785896,117.0954785896
2026-02-17,111.6151762095,105.0203012095,119.6663012095
2026-02-18,129.1068332630667,122.9195415964,133.5645415964
2026-02-19,130.05271598829998,124.3377159883,134.4947159883
2026-02-20,122.85538305710001,119.5713830571,130.2183830571
2026-02-21,112.46252758886665,107.1364859222,165.7824859222
2026-02-22,113.22624841513334,107.6655400818,116.8115400818
2026-02-23,111.65200358186668,105.8618369152,115.4878369152
2026-02-24,122.63870028323335,120.5422419499,129.1882419499
2026-02-25,123.16655770886662,120.2191410422,129.5851410422
2026-02-26,122.40754679423333,119.5964634609,128.9624634609
2026-02-27,115.57787761616665,112.0712109495,121.4372109495
2026-02-28,119.03625004250001,116.1887500425,124.1887500425
2026-03-01,104.58635097593331,103.1541426426,108.3731426426
2026-03-02,105.16347836520002,101.9896033652,108.5546033652
2026-03-03,118.94534616013335,112.1622628268,196.6612628268
2026-03-04,116.93549175029995,114.1701167503,128.6691167503
2026-03-05,117.42317704883334,116.0194687155,122.5834687155
2026-03-06,112.59499681550005,110.9467468155,117.5107468155
2026-03-07,115.8514951832333,115.3076618499,117.1786618499
2026-03-08,107.2178188422667,101.8204021756,110.1644021756
2026-03-09,108.35757368583332,102.3392403525,140.6832403525
2026-03-10,180.35546092846664,108.1884192618,805.6194192618
2026-03-11,222.64384798293338,118.5870146496,1135.8690146496
2026-03-12,209.15544693416666,138.6632802675,807.7502802675
2026-03-13,190.11463489253333,109.5450515592,800.3510515592
2026-03-14,205.8304488571,157.6775738571,332.8005738571
2026-03-15,219.93606197149998,118.4315619715,345.3005619715
2026-03-16,309.13448718146657,220.4086955148,799.4956955148
2026-03-17,330.3133178769999,280.383442877,794.470442877
2026-03-18,331.96778831926673,312.0254966526,390.0254966526
2026-03-19,357.36483408519985,309.0635840852,415.1635840852
2026-03-20,350.6920725026,330.2708225026,384.2708225026
2026-03-21,326.20710718600003,229.935607186,375.470607186
2026-03-22,305.6716672652332,110.3297089319,384.1087089319
2026-03-23,316.11042293516664,112.8175062685,405.7075062685
2026-03-24,292.5432752759666,114.4224836093,516.2924836093
2026-03-25,315.43621001366654,186.630043347,406.630043347
2026-03-26,313.46858050590004,261.6455805059,462.6795805059
2026-03-27,282.4608623809333,263.9177790476,335.9177790476
2026-03-28,204.61507691676664,116.5047852501,313.2837852501
2026-03-29,152.2874418178333,101.9082334845,207.2532334845
2026-03-30,199.90276562543332,171.5081822921,386.5081822921
2026-03-31,208.7676398155667,189.3398481489,399.3398481489
2026-04-01,168.4060293248667,111.2749876582,256.3279876582
2026-04-02,151.35931229020005,120.6960622902,180.8600622902
2026-04-03,141.65952492196666,117.2214832553,176.1834832553
2026-04-04,146.9909750749333,131.9076417416,177.9076417416
2026-04-05,129.57396252223342,108.9068791889,155.7768791889
2026-04-06,213.3657529307667,131.8372112641,1166.5222112641
2026-04-07,260.2487220190334,137.0718886857,1090.9948886857
2026-04-08,301.607115266,186.726490266,1581.032490266
2026-04-09,288.3216400461666,202.1752233795,1079.2092233795
2026-04-10,308.77738829083324,255.9243049575,1089.9583049575
2026-04-11,288.5574650590668,266.1907983924,354.9907983924
2026-04-12,281.4666505952667,200.1596089286,353.4596089286
2026-04-13,385.68338345089995,290.9938834509,1088.0278834509
2026-04-14,412.00179780730014,323.3846728073,1140.0866728073
2026-04-15,389.50798462619997,328.6482346262,1088.6822346262
2026-04-16,414.3070190648998,357.2847690649,1083.8187690649
2026-04-17,397.5224338631335,374.6891005298,554.6891005298
2026-04-18,335.3161686758999,257.4434186759,557.4434186759
2026-04-19,211.59302032640002,124.2267703264,556.4207703264
2026-04-20,278.05344977116664,228.7617831045,550.7617831045
2026-04-21,297.5808837510666,254.6642170844,614.6642170844
2026-04-22,311.21332305539994,206.5463230554,1080.5803230554
2026-04-23,274.4603784992666,237.7887118326,357.7887118326
2026-04-24,295.2881676824332,251.1879593491,603.9759593491
2026-04-25,263.51940672473336,245.5850733914,335.5850733914
2026-04-26,253.27190508806675,227.4917384214,308.4917384214
2026-04-27,281.84208361953324,245.7322502862,596.7322502862
2026-04-28,247.98809196080003,98.2395919608,1128.3755919608
2026-04-29,220.17943651563328,115.2459781823,614.0969781823
2026-04-30,203.01543527523336,116.8274769419,285.6784769419
