fecha,scenario,percentile,pb_prom_kwh
2026-04-01,base,p10,344.5449
2026-04-01,base,p50,389.3947
2026-04-01,base,p90,436.7641
2026-04-01,humedo,mean,433.8667
2026-04-01,humedo,mean,390.4742
2026-04-01,humedo,mean,347.0817
2026-04-01,seco,mean,339.8665
2026-04-01,seco,mean,436.7641
2026-04-01,seco,mean,388.3153
2026-04-02,base,p10,292.8784
2026-04-02,base,p50,355.5624
2026-04-02,base,p90,420.9726
2026-04-02,humedo,mean,291.1184
2026-04-02,humedo,mean,416.6504
2026-04-02,humedo,mean,353.8844
2026-04-02,seco,mean,357.2404
2026-04-02,seco,mean,420.9726
2026-04-02,seco,mean,293.5081
2026-04-03,base,p10,292.9677
2026-04-03,base,p50,354.3636
2026-04-03,base,p90,416.6969
2026-04-03,humedo,mean,414.4434
2026-04-03,humedo,mean,293.2093
2026-04-03,humedo,mean,353.8263
2026-04-03,seco,mean,355.3553
2026-04-03,seco,mean,294.0137
2026-04-03,seco,mean,416.6969
2026-04-04,base,p10,308.4519
2026-04-04,base,p50,382.4112
2026-04-04,base,p90,456.2136
2026-04-04,humedo,mean,381.9500
2026-04-04,humedo,mean,459.7648
2026-04-04,humedo,mean,304.1352
2026-04-04,seco,mean,455.4715
2026-04-04,seco,mean,311.2161
2026-04-04,seco,mean,383.3438
2026-04-05,base,p10,305.7461
2026-04-05,base,p50,382.8001
2026-04-05,base,p90,462.9583
2026-04-05,humedo,mean,306.6903
2026-04-05,humedo,mean,462.9583
2026-04-05,humedo,mean,384.8243
2026-04-05,seco,mean,307.1774
2026-04-05,seco,mean,466.1457
2026-04-05,seco,mean,386.6615
2026-04-06,base,p10,353.2827
2026-04-06,base,p50,444.7338
2026-04-06,base,p90,538.3456
2026-04-06,humedo,mean,356.4275
2026-04-06,humedo,mean,538.3456
2026-04-06,humedo,mean,447.3865
2026-04-06,seco,mean,540.4831
2026-04-06,seco,mean,349.4677
2026-04-06,seco,mean,444.9754
2026-04-07,base,p10,364.9810
2026-04-07,base,p50,488.4702
2026-04-07,base,p90,612.7517
2026-04-07,humedo,mean,488.5370
2026-04-07,humedo,mean,366.2928
2026-04-07,humedo,mean,610.7811
2026-04-07,seco,mean,364.0550
2026-04-07,seco,mean,488.4034
2026-04-07,seco,mean,612.7517
2026-04-08,base,p10,359.9738
2026-04-08,base,p50,468.1820
2026-04-08,base,p90,575.1291
2026-04-08,humedo,mean,575.1291
2026-04-08,humedo,mean,467.7554
2026-04-08,humedo,mean,360.3817
2026-04-08,seco,mean,363.1585
2026-04-08,seco,mean,574.0587
2026-04-08,seco,mean,468.6086
2026-04-09,base,p10,358.9988
2026-04-09,base,p50,465.0761
2026-04-09,base,p90,573.2978
2026-04-09,humedo,mean,360.7523
2026-04-09,humedo,mean,467.0251
2026-04-09,humedo,mean,573.2978
2026-04-09,seco,mean,359.4311
2026-04-09,seco,mean,566.8233
2026-04-09,seco,mean,463.1272
2026-04-10,base,p10,355.8397
2026-04-10,base,p50,450.5259
2026-04-10,base,p90,544.8074
2026-04-10,humedo,mean,355.7536
2026-04-10,humedo,mean,450.9798
2026-04-10,humedo,mean,546.2060
2026-04-10,seco,mean,355.8612
2026-04-10,seco,mean,544.2828
2026-04-10,seco,mean,450.0720
2026-04-11,base,p10,361.1816
2026-04-11,base,p50,454.4542
2026-04-11,base,p90,548.1875
2026-04-11,humedo,mean,362.7230
2026-04-11,humedo,mean,454.3742
2026-04-11,humedo,mean,546.0253
2026-04-11,seco,mean,455.7223
2026-04-11,seco,mean,550.1879
2026-04-11,seco,mean,361.2567
2026-04-12,base,p10,308.3867
2026-04-12,base,p50,392.3732
2026-04-12,base,p90,477.4092
2026-04-12,humedo,mean,393.9658
2026-04-12,humedo,mean,479.3373
2026-04-12,humedo,mean,308.5942
2026-04-12,seco,mean,391.1005
2026-04-12,seco,mean,307.5567
2026-04-12,seco,mean,474.6444
2026-04-13,base,p10,385.6559
2026-04-13,base,p50,471.2675
2026-04-13,base,p90,556.4239
2026-04-13,humedo,mean,563.5248
2026-04-13,humedo,mean,473.9661
2026-04-13,humedo,mean,384.4075
2026-04-13,seco,mean,387.1508
2026-04-13,seco,mean,471.7874
2026-04-13,seco,mean,556.4239
2026-04-14,base,p10,395.6112
2026-04-14,base,p50,480.2168
2026-04-14,base,p90,564.6165
2026-04-14,humedo,mean,564.6165
2026-04-14,humedo,mean,393.9489
2026-04-14,humedo,mean,479.2827
2026-04-14,seco,mean,564.2797
2026-04-14,seco,mean,398.0221
2026-04-14,seco,mean,481.1509
2026-04-15,base,p10,415.2401
2026-04-15,base,p50,488.1195
2026-04-15,base,p90,561.9002
2026-04-15,humedo,mean,488.7281
2026-04-15,humedo,mean,415.5559
2026-04-15,humedo,mean,561.9002
2026-04-15,seco,mean,561.0454
2026-04-15,seco,mean,413.9766
2026-04-15,seco,mean,487.5110
2026-04-16,base,p10,426.1190
2026-04-16,base,p50,501.2371
2026-04-16,base,p90,577.7966
2026-04-16,humedo,mean,573.9376
2026-04-16,humedo,mean,426.2744
2026-04-16,humedo,mean,500.1060
2026-04-16,seco,mean,577.7966
2026-04-16,seco,mean,426.9399
2026-04-16,seco,mean,502.3683
2026-04-17,base,p10,443.3957
2026-04-17,base,p50,507.7886
2026-04-17,base,p90,574.4154
2026-04-17,humedo,mean,574.4154
2026-04-17,humedo,mean,508.9979
2026-04-17,humedo,mean,443.5805
2026-04-17,seco,mean,510.7406
2026-04-17,seco,mean,576.8154
2026-04-17,seco,mean,444.6658
2026-04-18,base,p10,386.9955
2026-04-18,base,p50,454.9733
2026-04-18,base,p90,525.1767
2026-04-18,humedo,mean,453.5054
2026-04-18,humedo,mean,522.8558
2026-04-18,humedo,mean,384.1551
2026-04-18,seco,mean,456.4412
2026-04-18,seco,mean,387.7056
2026-04-18,seco,mean,525.1767
2026-04-19,base,p10,348.6237
2026-04-19,base,p50,418.4144
2026-04-19,base,p90,487.8085
2026-04-19,humedo,mean,418.9509
2026-04-19,humedo,mean,348.7928
2026-04-19,humedo,mean,489.1091
2026-04-19,seco,mean,486.8075
2026-04-19,seco,mean,352.6637
2026-04-19,seco,mean,419.7356
2026-04-20,base,p10,402.4874
2026-04-20,base,p50,471.6809
2026-04-20,base,p90,545.9342
2026-04-20,humedo,mean,404.5554
2026-04-20,humedo,mean,469.7477
2026-04-20,humedo,mean,534.9400
2026-04-20,seco,mean,473.6141
2026-04-20,seco,mean,545.9342
2026-04-20,seco,mean,401.2940
2026-04-21,base,p10,486.5862
2026-04-21,base,p50,548.0803
2026-04-21,base,p90,608.3758
2026-04-21,humedo,mean,550.7361
2026-04-21,humedo,mean,608.3758
2026-04-21,humedo,mean,493.0965
2026-04-21,seco,mean,612.2307
2026-04-21,seco,mean,549.5893
2026-04-21,seco,mean,486.9478
2026-04-22,base,p10,811.3454
2026-04-22,base,p50,1154.9110
2026-04-22,base,p90,1500.0000
2026-04-22,humedo,mean,1161.1087
2026-04-22,humedo,mean,822.2175
2026-04-22,humedo,mean,1500.0000
2026-04-22,seco,mean,807.2830
2026-04-22,seco,mean,1500.0000
2026-04-22,seco,mean,1153.6415
2026-04-23,base,p10,503.8553
2026-04-23,base,p50,557.2109
2026-04-23,base,p90,614.5962
2026-04-23,humedo,mean,559.0575
2026-04-23,humedo,mean,503.5188
2026-04-23,humedo,mean,614.5962
2026-04-23,seco,mean,503.9394
2026-04-23,seco,mean,615.3909
2026-04-23,seco,mean,559.6652
2026-04-24,base,p10,509.9987
2026-04-24,base,p50,560.6804
2026-04-24,base,p90,612.6707
2026-04-24,humedo,mean,561.9402
2026-04-24,humedo,mean,510.5841
2026-04-24,humedo,mean,613.2964
2026-04-24,seco,mean,560.1639
2026-04-24,seco,mean,612.6707
2026-04-24,seco,mean,507.6571
2026-04-25,base,p10,421.6801
2026-04-25,base,p50,467.8004
2026-04-25,base,p90,513.8760
2026-04-25,humedo,mean,469.2366
2026-04-25,humedo,mean,513.8760
2026-04-25,humedo,mean,424.5971
2026-04-25,seco,mean,421.9239
2026-04-25,seco,mean,511.8071
2026-04-25,seco,mean,466.8655
2026-04-26,base,p10,367.2601
2026-04-26,base,p50,425.1538
2026-04-26,base,p90,484.0955
2026-04-26,humedo,mean,373.8091
2026-04-26,humedo,mean,428.9523
2026-04-26,humedo,mean,484.0955
2026-04-26,seco,mean,366.3256
2026-04-26,seco,mean,422.7600
2026-04-26,seco,mean,479.1945
2026-04-27,base,p10,411.5928
2026-04-27,base,p50,461.9371
2026-04-27,base,p90,515.2739
2026-04-27,humedo,mean,464.3080
2026-04-27,humedo,mean,411.7595
2026-04-27,humedo,mean,516.8566
2026-04-27,seco,mean,465.0867
2026-04-27,seco,mean,414.8995
2026-04-27,seco,mean,515.2739
2026-04-28,base,p10,379.3398
2026-04-28,base,p50,440.0448
2026-04-28,base,p90,503.4066
2026-04-28,humedo,mean,438.1127
2026-04-28,humedo,mean,374.5104
2026-04-28,humedo,mean,501.7150
2026-04-28,seco,mean,443.4565
2026-04-28,seco,mean,380.5695
2026-04-28,seco,mean,506.3434
2026-04-29,base,p10,390.8483
2026-04-29,base,p50,441.2122
2026-04-29,base,p90,491.9213
2026-04-29,humedo,mean,392.9828
2026-04-29,humedo,mean,491.7405
2026-04-29,humedo,mean,442.3616
2026-04-29,seco,mean,491.9213
2026-04-29,seco,mean,388.2044
2026-04-29,seco,mean,440.0628
2026-04-30,base,p10,380.7512
2026-04-30,base,p50,435.8386
2026-04-30,base,p90,490.9872
2026-04-30,humedo,mean,493.9403
2026-04-30,humedo,mean,437.0081
2026-04-30,humedo,mean,380.0760
2026-04-30,seco,mean,435.4628
2026-04-30,seco,mean,380.9200
2026-04-30,seco,mean,490.0057
2026-05-01,base,p10,381.3201
2026-05-01,base,p50,433.0790
2026-05-01,base,p90,485.9120
2026-05-01,humedo,mean,383.1164
2026-05-01,humedo,mean,434.7901
2026-05-01,humedo,mean,486.4637
2026-05-01,seco,mean,483.8193
2026-05-01,seco,mean,432.5327
2026-05-01,seco,mean,381.2461
2026-05-02,base,p10,400.3738
2026-05-02,base,p50,453.8429
2026-05-02,base,p90,508.2808
2026-05-02,humedo,mean,456.3783
2026-05-02,humedo,mean,403.6583
2026-05-02,humedo,mean,509.0982
2026-05-02,seco,mean,453.0889
2026-05-02,seco,mean,398.2174
2026-05-02,seco,mean,507.9604
2026-05-03,base,p10,365.9541
2026-05-03,base,p50,420.4569
2026-05-03,base,p90,475.9748
2026-05-03,humedo,mean,419.3470
2026-05-03,humedo,mean,475.9748
2026-05-03,humedo,mean,362.7191
2026-05-03,seco,mean,367.7086
2026-05-03,seco,mean,421.5668
2026-05-03,seco,mean,475.4251
2026-05-04,base,p10,412.4691
2026-05-04,base,p50,477.4403
2026-05-04,base,p90,547.6075
2026-05-04,humedo,mean,409.2313
2026-05-04,humedo,mean,481.7897
2026-05-04,humedo,mean,554.3481
2026-05-04,seco,mean,547.6075
2026-05-04,seco,mean,481.3578
2026-05-04,seco,mean,415.1081
2026-05-05,base,p10,419.7484
2026-05-05,base,p50,485.5700
2026-05-05,base,p90,555.1401
2026-05-05,humedo,mean,564.8510
2026-05-05,humedo,mean,489.6418
2026-05-05,humedo,mean,414.4326
2026-05-05,seco,mean,488.1087
2026-05-05,seco,mean,555.1401
2026-05-05,seco,mean,421.0774
2026-05-06,base,p10,395.0919
2026-05-06,base,p50,463.4138
2026-05-06,base,p90,532.0067
2026-05-06,humedo,mean,400.7323
2026-05-06,humedo,mean,532.0067
2026-05-06,humedo,mean,466.3695
2026-05-06,seco,mean,467.4555
2026-05-06,seco,mean,395.3763
2026-05-06,seco,mean,539.5348
2026-05-07,base,p10,400.1439
2026-05-07,base,p50,469.8868
2026-05-07,base,p90,540.4868
2026-05-07,humedo,mean,543.5741
2026-05-07,humedo,mean,409.5394
2026-05-07,humedo,mean,476.5568
2026-05-07,seco,mean,469.2494
2026-05-07,seco,mean,398.0119
2026-05-07,seco,mean,540.4868
2026-05-08,base,p10,410.6764
2026-05-08,base,p50,473.2324
2026-05-08,base,p90,543.6518
2026-05-08,humedo,mean,477.6838
2026-05-08,humedo,mean,543.6518
2026-05-08,humedo,mean,411.7158
2026-05-08,seco,mean,406.5188
2026-05-08,seco,mean,544.6651
2026-05-08,seco,mean,475.5920
2026-05-09,base,p10,388.4252
2026-05-09,base,p50,449.0323
2026-05-09,base,p90,517.4688
2026-05-09,humedo,mean,519.2690
2026-05-09,humedo,mean,455.7489
2026-05-09,humedo,mean,392.2289
2026-05-09,seco,mean,453.1455
2026-05-09,seco,mean,388.8221
2026-05-09,seco,mean,517.4688
2026-05-10,base,p10,362.0466
2026-05-10,base,p50,422.2488
2026-05-10,base,p90,488.7398
2026-05-10,humedo,mean,424.6479
2026-05-10,humedo,mean,360.5560
2026-05-10,humedo,mean,488.7398
2026-05-10,seco,mean,489.1234
2026-05-10,seco,mean,426.4428
2026-05-10,seco,mean,363.7621
2026-05-11,base,p10,412.5941
2026-05-11,base,p50,472.6613
2026-05-11,base,p90,540.8917
2026-05-11,humedo,mean,540.8917
2026-05-11,humedo,mean,477.2337
2026-05-11,humedo,mean,413.5757
2026-05-11,seco,mean,414.3416
2026-05-11,seco,mean,542.1327
2026-05-11,seco,mean,478.2371
2026-05-12,base,p10,404.6455
2026-05-12,base,p50,468.3537
2026-05-12,base,p90,537.8443
2026-05-12,humedo,mean,404.7861
2026-05-12,humedo,mean,538.3566
2026-05-12,humedo,mean,471.5714
2026-05-12,seco,mean,537.8443
2026-05-12,seco,mean,412.1418
2026-05-12,seco,mean,474.9931
2026-05-13,base,p10,400.6755
2026-05-13,base,p50,467.3330
2026-05-13,base,p90,543.1054
2026-05-13,humedo,mean,474.2691
2026-05-13,humedo,mean,547.6612
2026-05-13,humedo,mean,400.8770
2026-05-13,seco,mean,471.4875
2026-05-13,seco,mean,399.8695
2026-05-13,seco,mean,543.1054
2026-05-14,base,p10,383.3231
2026-05-14,base,p50,442.3778
2026-05-14,base,p90,508.2195
2026-05-14,humedo,mean,448.7742
2026-05-14,humedo,mean,511.4628
2026-05-14,humedo,mean,386.0856
2026-05-14,seco,mean,383.2325
2026-05-14,seco,mean,445.7260
2026-05-14,seco,mean,508.2195
2026-05-15,base,p10,392.7840
2026-05-15,base,p50,454.0966
2026-05-15,base,p90,521.1540
2026-05-15,humedo,mean,525.1671
2026-05-15,humedo,mean,461.3835
2026-05-15,humedo,mean,397.5999
2026-05-15,seco,mean,456.8200
2026-05-15,seco,mean,392.4860
2026-05-15,seco,mean,521.1540
2026-05-16,base,p10,382.2282
2026-05-16,base,p50,439.6078
2026-05-16,base,p90,504.8316
2026-05-16,humedo,mean,383.9443
2026-05-16,humedo,mean,504.8316
2026-05-16,humedo,mean,444.3880
2026-05-16,seco,mean,516.0759
2026-05-16,seco,mean,380.5903
2026-05-16,seco,mean,448.3331
2026-05-17,base,p10,351.0196
2026-05-17,base,p50,406.7445
2026-05-17,base,p90,469.6476
2026-05-17,humedo,mean,351.1646
2026-05-17,humedo,mean,410.4061
2026-05-17,humedo,mean,469.6476
2026-05-17,seco,mean,410.6194
2026-05-17,seco,mean,470.7992
2026-05-17,seco,mean,350.4395
2026-05-18,base,p10,361.7503
2026-05-18,base,p50,416.8501
2026-05-18,base,p90,474.8873
2026-05-18,humedo,mean,416.7462
2026-05-18,humedo,mean,474.8873
2026-05-18,humedo,mean,358.6052
2026-05-18,seco,mean,475.9230
2026-05-18,seco,mean,420.8777
2026-05-18,seco,mean,365.8324
2026-05-19,base,p10,388.6359
2026-05-19,base,p50,449.4894
2026-05-19,base,p90,511.2453
2026-05-19,humedo,mean,389.4427
2026-05-19,humedo,mean,452.7223
2026-05-19,humedo,mean,516.0019
2026-05-19,seco,mean,390.3095
2026-05-19,seco,mean,511.2453
2026-05-19,seco,mean,450.7774
2026-05-20,base,p10,395.1752
2026-05-20,base,p50,454.7511
2026-05-20,base,p90,516.3594
2026-05-20,humedo,mean,388.8763
2026-05-20,humedo,mean,517.7664
2026-05-20,humedo,mean,453.3214
2026-05-20,seco,mean,456.5547
2026-05-20,seco,mean,396.7500
2026-05-20,seco,mean,516.3594
2026-05-21,base,p10,385.7047
2026-05-21,base,p50,448.6624
2026-05-21,base,p90,513.3850
2026-05-21,humedo,mean,384.1751
2026-05-21,humedo,mean,447.5887
2026-05-21,humedo,mean,511.0022
2026-05-21,seco,mean,513.3850
2026-05-21,seco,mean,449.7360
2026-05-21,seco,mean,386.0871
2026-05-22,base,p10,400.9172
2026-05-22,base,p50,464.5969
2026-05-22,base,p90,527.6986
2026-05-22,humedo,mean,530.1309
2026-05-22,humedo,mean,399.7405
2026-05-22,humedo,mean,464.9357
2026-05-22,seco,mean,465.7639
2026-05-22,seco,mean,527.6986
2026-05-22,seco,mean,403.8291
2026-05-23,base,p10,382.3869
2026-05-23,base,p50,440.6396
2026-05-23,base,p90,501.4014
2026-05-23,humedo,mean,383.5852
2026-05-23,humedo,mean,508.9484
2026-05-23,humedo,mean,446.2668
2026-05-23,seco,mean,501.4014
2026-05-23,seco,mean,383.3532
2026-05-23,seco,mean,442.3773
2026-05-24,base,p10,357.1749
2026-05-24,base,p50,416.6598
2026-05-24,base,p90,480.3051
2026-05-24,humedo,mean,357.4184
2026-05-24,humedo,mean,418.9020
2026-05-24,humedo,mean,480.3855
2026-05-24,seco,mean,480.3051
2026-05-24,seco,mean,357.6021
2026-05-24,seco,mean,418.9536
2026-05-25,base,p10,390.4853
2026-05-25,base,p50,450.6881
2026-05-25,base,p90,509.0674
2026-05-25,humedo,mean,394.7743
2026-05-25,humedo,mean,451.9209
2026-05-25,humedo,mean,509.0674
2026-05-25,seco,mean,520.3013
2026-05-25,seco,mean,454.2476
2026-05-25,seco,mean,388.1939
2026-05-26,base,p10,395.9357
2026-05-26,base,p50,457.5808
2026-05-26,base,p90,517.5512
2026-05-26,humedo,mean,517.3908
2026-05-26,humedo,mean,456.9511
2026-05-26,humedo,mean,396.5115
2026-05-26,seco,mean,458.2104
2026-05-26,seco,mean,517.5512
2026-05-26,seco,mean,398.8696
2026-05-27,base,p10,403.8379
2026-05-27,base,p50,466.5557
2026-05-27,base,p90,528.8473
2026-05-27,humedo,mean,465.6705
2026-05-27,humedo,mean,402.4937
2026-05-27,humedo,mean,528.8473
2026-05-27,seco,mean,406.2296
2026-05-27,seco,mean,467.4410
2026-05-27,seco,mean,528.6524
2026-05-28,base,p10,393.4364
2026-05-28,base,p50,458.3135
2026-05-28,base,p90,524.9724
2026-05-28,humedo,mean,524.9724
2026-05-28,humedo,mean,459.7869
2026-05-28,humedo,mean,394.6014
2026-05-28,seco,mean,393.8220
2026-05-28,seco,mean,527.2630
2026-05-28,seco,mean,460.5425
2026-05-29,base,p10,407.5886
2026-05-29,base,p50,471.2074
2026-05-29,base,p90,535.3167
2026-05-29,humedo,mean,470.8110
2026-05-29,humedo,mean,407.7461
2026-05-29,humedo,mean,533.8760
2026-05-29,seco,mean,535.3167
2026-05-29,seco,mean,409.7660
2026-05-29,seco,mean,472.5414
2026-05-30,base,p10,384.9792
2026-05-30,base,p50,443.3460
2026-05-30,base,p90,503.1005
2026-05-30,humedo,mean,503.1005
2026-05-30,humedo,mean,382.9910
2026-05-30,humedo,mean,443.0458
2026-05-30,seco,mean,388.1031
2026-05-30,seco,mean,443.6462
2026-05-30,seco,mean,499.1893
2026-05-31,base,p10,360.8299
2026-05-31,base,p50,417.9028
2026-05-31,base,p90,474.4615
2026-05-31,humedo,mean,360.8569
2026-05-31,humedo,mean,419.1992
2026-05-31,humedo,mean,477.5415
2026-05-31,seco,mean,473.3908
2026-05-31,seco,mean,363.0369
2026-05-31,seco,mean,418.2139
2026-06-01,base,p10,439.0683
2026-06-01,base,p50,509.4675
2026-06-01,base,p90,580.9126
2026-06-01,humedo,mean,511.8952
2026-06-01,humedo,mean,584.7315
2026-06-01,humedo,mean,439.0588
2026-06-01,seco,mean,509.9916
2026-06-01,seco,mean,580.9126
2026-06-01,seco,mean,439.0707
2026-06-02,base,p10,451.7773
2026-06-02,base,p50,522.8031
2026-06-02,base,p90,594.3253
2026-06-02,humedo,mean,448.0303
2026-06-02,humedo,mean,593.9253
2026-06-02,humedo,mean,520.9778
2026-06-02,seco,mean,596.8693
2026-06-02,seco,mean,452.7141
2026-06-02,seco,mean,524.7917
2026-06-03,base,p10,453.6278
2026-06-03,base,p50,524.9027
2026-06-03,base,p90,598.3088
2026-06-03,humedo,mean,594.5260
2026-06-03,humedo,mean,452.9886
2026-06-03,humedo,mean,523.7573
2026-06-03,seco,mean,530.0552
2026-06-03,seco,mean,456.5739
2026-06-03,seco,mean,603.5366
2026-06-04,base,p10,442.6350
2026-06-04,base,p50,518.3332
2026-06-04,base,p90,594.3186
2026-06-04,humedo,mean,518.6790
2026-06-04,humedo,mean,594.3186
2026-06-04,humedo,mean,443.0394
2026-06-04,seco,mean,594.9572
2026-06-04,seco,mean,441.0175
2026-06-04,seco,mean,517.9873
2026-06-05,base,p10,448.7740
2026-06-05,base,p50,515.3312
2026-06-05,base,p90,580.2305
2026-06-05,humedo,mean,586.4772
2026-06-05,humedo,mean,515.6718
2026-06-05,humedo,mean,444.8664
2026-06-05,seco,mean,514.9907
2026-06-05,seco,mean,580.2305
2026-06-05,seco,mean,449.7509
2026-06-06,base,p10,425.8216
2026-06-06,base,p50,492.2725
2026-06-06,base,p90,560.3286
2026-06-06,humedo,mean,421.7761
2026-06-06,humedo,mean,560.1525
2026-06-06,humedo,mean,490.9643
2026-06-06,seco,mean,563.1707
2026-06-06,seco,mean,498.3297
2026-06-06,seco,mean,433.4886
2026-06-07,base,p10,388.6540
2026-06-07,base,p50,454.3621
2026-06-07,base,p90,520.6417
2026-06-07,humedo,mean,453.8103
2026-06-07,humedo,mean,521.0948
2026-06-07,humedo,mean,386.5259
2026-06-07,seco,mean,396.3185
2026-06-07,seco,mean,516.3590
2026-06-07,seco,mean,456.3388
2026-06-08,base,p10,410.5806
2026-06-08,base,p50,479.9313
2026-06-08,base,p90,549.9225
2026-06-08,humedo,mean,480.4009
2026-06-08,humedo,mean,549.9225
2026-06-08,humedo,mean,410.8793
2026-06-08,seco,mean,549.5373
2026-06-08,seco,mean,479.4616
2026-06-08,seco,mean,409.3860
2026-06-09,base,p10,445.3958
2026-06-09,base,p50,519.1556
2026-06-09,base,p90,592.7615
2026-06-09,humedo,mean,519.5379
2026-06-09,humedo,mean,446.3143
2026-06-09,humedo,mean,592.7615
2026-06-09,seco,mean,518.7733
2026-06-09,seco,mean,441.7218
2026-06-09,seco,mean,595.8247
2026-06-10,base,p10,465.4785
2026-06-10,base,p50,533.1808
2026-06-10,base,p90,600.1550
2026-06-10,humedo,mean,600.0059
2026-06-10,humedo,mean,534.1902
2026-06-10,humedo,mean,468.3746
2026-06-10,seco,mean,465.8012
2026-06-10,seco,mean,607.4510
2026-06-10,seco,mean,536.6261
2026-06-11,base,p10,428.3405
2026-06-11,base,p50,508.4154
2026-06-11,base,p90,592.0201
2026-06-11,humedo,mean,507.1077
2026-06-11,humedo,mean,585.6462
2026-06-11,humedo,mean,428.5691
2026-06-11,seco,mean,592.0201
2026-06-11,seco,mean,427.4261
2026-06-11,seco,mean,509.7231
2026-06-12,base,p10,443.4940
2026-06-12,base,p50,516.9279
2026-06-12,base,p90,592.8791
2026-06-12,humedo,mean,589.1480
2026-06-12,humedo,mean,515.4520
2026-06-12,humedo,mean,441.7560
2026-06-12,seco,mean,592.8791
2026-06-12,seco,mean,518.4038
2026-06-12,seco,mean,443.9285
2026-06-13,base,p10,431.6620
2026-06-13,base,p50,500.6434
2026-06-13,base,p90,571.0459
2026-06-13,humedo,mean,499.2636
2026-06-13,humedo,mean,426.3080
2026-06-13,humedo,mean,572.2191
2026-06-13,seco,mean,570.5212
2026-06-13,seco,mean,503.0605
2026-06-13,seco,mean,435.5997
2026-06-14,base,p10,387.0967
2026-06-14,base,p50,453.9685
2026-06-14,base,p90,522.2055
2026-06-14,humedo,mean,384.4894
2026-06-14,humedo,mean,453.3474
2026-06-14,humedo,mean,522.2055
2026-06-14,seco,mean,458.8482
2026-06-14,seco,mean,389.1111
2026-06-14,seco,mean,528.5853
2026-06-15,base,p10,394.7972
2026-06-15,base,p50,463.2719
2026-06-15,base,p90,535.2509
2026-06-15,humedo,mean,535.2509
2026-06-15,humedo,mean,391.2190
2026-06-15,humedo,mean,463.2350
2026-06-15,seco,mean,530.9258
2026-06-15,seco,mean,463.3088
2026-06-15,seco,mean,395.6918
2026-06-16,base,p10,439.8182
2026-06-16,base,p50,514.1719
2026-06-16,base,p90,590.2540
2026-06-16,humedo,mean,590.2540
2026-06-16,humedo,mean,513.4603
2026-06-16,humedo,mean,436.6666
2026-06-16,seco,mean,518.7960
2026-06-16,seco,mean,596.9860
2026-06-16,seco,mean,440.6060
2026-06-17,base,p10,440.0682
2026-06-17,base,p50,510.2409
2026-06-17,base,p90,578.8599
2026-06-17,humedo,mean,587.0722
2026-06-17,humedo,mean,511.4547
2026-06-17,humedo,mean,435.8373
2026-06-17,seco,mean,513.3769
2026-06-17,seco,mean,447.8939
2026-06-17,seco,mean,578.8599
2026-06-18,base,p10,441.3895
2026-06-18,base,p50,520.1708
2026-06-18,base,p90,601.2743
2026-06-18,humedo,mean,441.1264
2026-06-18,humedo,mean,596.8273
2026-06-18,humedo,mean,518.9768
2026-06-18,seco,mean,442.8145
2026-06-18,seco,mean,522.2230
2026-06-18,seco,mean,601.6314
2026-06-19,base,p10,456.5829
2026-06-19,base,p50,531.2672
2026-06-19,base,p90,605.3642
2026-06-19,humedo,mean,532.7475
2026-06-19,humedo,mean,608.5203
2026-06-19,humedo,mean,456.9748
2026-06-19,seco,mean,455.0153
2026-06-19,seco,mean,604.5583
2026-06-19,seco,mean,529.7868
2026-06-20,base,p10,423.7696
2026-06-20,base,p50,496.5827
2026-06-20,base,p90,568.7796
2026-06-20,humedo,mean,568.7796
2026-06-20,humedo,mean,496.4817
2026-06-20,humedo,mean,424.1837
2026-06-20,seco,mean,497.6081
2026-06-20,seco,mean,422.1133
2026-06-20,seco,mean,573.1029
2026-06-21,base,p10,395.1855
2026-06-21,base,p50,463.2721
2026-06-21,base,p90,532.4671
2026-06-21,humedo,mean,532.4671
2026-06-21,humedo,mean,396.7549
2026-06-21,humedo,mean,464.6110
2026-06-21,seco,mean,464.5765
2026-06-21,seco,mean,533.3320
2026-06-21,seco,mean,395.8209
2026-06-22,base,p10,444.3885
2026-06-22,base,p50,515.3341
2026-06-22,base,p90,586.8585
2026-06-22,humedo,mean,454.2375
2026-06-22,humedo,mean,522.9973
2026-06-22,humedo,mean,591.7570
2026-06-22,seco,mean,444.0098
2026-06-22,seco,mean,515.4341
2026-06-22,seco,mean,586.8585
2026-06-23,base,p10,438.6227
2026-06-23,base,p50,516.7658
2026-06-23,base,p90,599.5573
2026-06-23,humedo,mean,431.6840
2026-06-23,humedo,mean,599.5573
2026-06-23,humedo,mean,515.6207
2026-06-23,seco,mean,445.0269
2026-06-23,seco,mean,522.3670
2026-06-23,seco,mean,599.7070
2026-06-24,base,p10,448.4886
2026-06-24,base,p50,522.0931
2026-06-24,base,p90,594.4043
2026-06-24,humedo,mean,594.4043
2026-06-24,humedo,mean,521.3750
2026-06-24,humedo,mean,448.3457
2026-06-24,seco,mean,523.7657
2026-06-24,seco,mean,448.5243
2026-06-24,seco,mean,599.0070
2026-06-25,base,p10,438.8198
2026-06-25,base,p50,522.8738
2026-06-25,base,p90,608.0899
2026-06-25,humedo,mean,606.4073
2026-06-25,humedo,mean,522.7205
2026-06-25,humedo,mean,439.0337
2026-06-25,seco,mean,608.5518
2026-06-25,seco,mean,440.3145
2026-06-25,seco,mean,524.4331
2026-06-26,base,p10,450.0207
2026-06-26,base,p50,520.1430
2026-06-26,base,p90,591.3109
2026-06-26,humedo,mean,591.7064
2026-06-26,humedo,mean,521.2272
2026-06-26,humedo,mean,450.7481
2026-06-26,seco,mean,519.0588
2026-06-26,seco,mean,591.0068
2026-06-26,seco,mean,447.1109
2026-06-27,base,p10,449.6970
2026-06-27,base,p50,516.4480
2026-06-27,base,p90,587.2141
2026-06-27,humedo,mean,450.9873
2026-06-27,humedo,mean,514.7413
2026-06-27,humedo,mean,578.4953
2026-06-27,seco,mean,518.7581
2026-06-27,seco,mean,450.3021
2026-06-27,seco,mean,587.2141
2026-06-28,base,p10,383.9544
2026-06-28,base,p50,452.5133
2026-06-28,base,p90,523.0380
2026-06-28,humedo,mean,453.6455
2026-06-28,humedo,mean,384.2529
2026-06-28,humedo,mean,523.0380
2026-06-28,seco,mean,451.3811
2026-06-28,seco,mean,382.7602
2026-06-28,seco,mean,520.0021
2026-06-29,base,p10,408.7022
2026-06-29,base,p50,472.5060
2026-06-29,base,p90,536.9746
2026-06-29,humedo,mean,408.9442
2026-06-29,humedo,mean,472.1259
2026-06-29,humedo,mean,535.3077
2026-06-29,seco,mean,408.7973
2026-06-29,seco,mean,472.8860
2026-06-29,seco,mean,536.9746
2026-06-30,base,p10,440.3493
2026-06-30,base,p50,510.4194
2026-06-30,base,p90,582.7223
2026-06-30,humedo,mean,441.6087
2026-06-30,humedo,mean,582.0348
2026-06-30,humedo,mean,511.8217
2026-06-30,seco,mean,435.3117
2026-06-30,seco,mean,509.0170
2026-06-30,seco,mean,582.7223
2026-07-01,base,p10,537.2551
2026-07-01,base,p50,629.7396
2026-07-01,base,p90,723.6935
2026-07-01,humedo,mean,721.1184
2026-07-01,humedo,mean,538.0486
2026-07-01,humedo,mean,629.5835
2026-07-01,seco,mean,723.6935
2026-07-01,seco,mean,542.0430
2026-07-01,seco,mean,632.8683
2026-07-02,base,p10,521.4443
2026-07-02,base,p50,624.8887
2026-07-02,base,p90,729.9469
2026-07-02,humedo,mean,518.5363
2026-07-02,humedo,mean,624.2416
2026-07-02,humedo,mean,729.9469
2026-07-02,seco,mean,523.6434
2026-07-02,seco,mean,630.4513
2026-07-02,seco,mean,737.2593
2026-07-03,base,p10,568.4141
2026-07-03,base,p50,654.6451
2026-07-03,base,p90,744.9851
2026-07-03,humedo,mean,656.6475
2026-07-03,humedo,mean,742.8525
2026-07-03,humedo,mean,570.4425
2026-07-03,seco,mean,560.3003
2026-07-03,seco,mean,652.6427
2026-07-03,seco,mean,744.9851
2026-07-04,base,p10,547.9826
2026-07-04,base,p50,642.7658
2026-07-04,base,p90,737.3670
2026-07-04,humedo,mean,643.1935
2026-07-04,humedo,mean,549.0200
2026-07-04,humedo,mean,737.3670
2026-07-04,seco,mean,548.0912
2026-07-04,seco,mean,747.5104
2026-07-04,seco,mean,647.8008
2026-07-05,base,p10,459.6316
2026-07-05,base,p50,551.2896
2026-07-05,base,p90,643.1197
2026-07-05,humedo,mean,551.7601
2026-07-05,humedo,mean,460.4006
2026-07-05,humedo,mean,643.1197
2026-07-05,seco,mean,645.0826
2026-07-05,seco,mean,456.5557
2026-07-05,seco,mean,550.8191
2026-07-06,base,p10,552.0789
2026-07-06,base,p50,641.1629
2026-07-06,base,p90,729.8663
2026-07-06,humedo,mean,549.9379
2026-07-06,humedo,mean,729.8663
2026-07-06,humedo,mean,639.9021
2026-07-06,seco,mean,552.6141
2026-07-06,seco,mean,733.2599
2026-07-06,seco,mean,642.9370
2026-07-07,base,p10,541.4344
2026-07-07,base,p50,645.9394
2026-07-07,base,p90,752.2320
2026-07-07,humedo,mean,752.2320
2026-07-07,humedo,mean,544.7614
2026-07-07,humedo,mean,648.4967
2026-07-07,seco,mean,543.2786
2026-07-07,seco,mean,750.7621
2026-07-07,seco,mean,647.0204
2026-07-08,base,p10,528.3648
2026-07-08,base,p50,634.5651
2026-07-08,base,p90,741.2021
2026-07-08,humedo,mean,741.2399
2026-07-08,humedo,mean,634.9542
2026-07-08,humedo,mean,528.6686
2026-07-08,seco,mean,733.3359
2026-07-08,seco,mean,636.8387
2026-07-08,seco,mean,540.3415
2026-07-09,base,p10,538.8322
2026-07-09,base,p50,644.1845
2026-07-09,base,p90,754.1603
2026-07-09,humedo,mean,754.1603
2026-07-09,humedo,mean,646.9294
2026-07-09,humedo,mean,539.6986
2026-07-09,seco,mean,649.5028
2026-07-09,seco,mean,755.9339
2026-07-09,seco,mean,543.0718
2026-07-10,base,p10,549.9345
2026-07-10,base,p50,644.9934
2026-07-10,base,p90,739.9735
2026-07-10,humedo,mean,645.1124
2026-07-10,humedo,mean,739.9735
2026-07-10,humedo,mean,550.2514
2026-07-10,seco,mean,644.8743
2026-07-10,seco,mean,741.0816
2026-07-10,seco,mean,548.6670
2026-07-11,base,p10,530.0565
2026-07-11,base,p50,621.8089
2026-07-11,base,p90,716.3870
2026-07-11,humedo,mean,714.3690
2026-07-11,humedo,mean,623.1673
2026-07-11,humedo,mean,531.9656
2026-07-11,seco,mean,716.3870
2026-07-11,seco,mean,536.0969
2026-07-11,seco,mean,626.2420
2026-07-12,base,p10,482.9992
2026-07-12,base,p50,572.7389
2026-07-12,base,p90,664.5030
2026-07-12,humedo,mean,575.4714
2026-07-12,humedo,mean,484.0064
2026-07-12,humedo,mean,666.9364
2026-07-12,seco,mean,484.1746
2026-07-12,seco,mean,663.3079
2026-07-12,seco,mean,573.7412
2026-07-13,base,p10,556.4540
2026-07-13,base,p50,647.7146
2026-07-13,base,p90,743.9194
2026-07-13,humedo,mean,550.9353
2026-07-13,humedo,mean,738.1700
2026-07-13,humedo,mean,644.5527
2026-07-13,seco,mean,745.1997
2026-07-13,seco,mean,563.3432
2026-07-13,seco,mean,654.2714
2026-07-14,base,p10,544.5765
2026-07-14,base,p50,639.7873
2026-07-14,base,p90,739.8099
2026-07-14,humedo,mean,555.1805
2026-07-14,humedo,mean,651.3624
2026-07-14,humedo,mean,747.5443
2026-07-14,seco,mean,544.0257
2026-07-14,seco,mean,641.9178
2026-07-14,seco,mean,739.8099
2026-07-15,base,p10,547.1799
2026-07-15,base,p50,644.0397
2026-07-15,base,p90,739.0140
2026-07-15,humedo,mean,645.9512
2026-07-15,humedo,mean,547.6644
2026-07-15,humedo,mean,744.2380
2026-07-15,seco,mean,737.1771
2026-07-15,seco,mean,647.1350
2026-07-15,seco,mean,557.0929
2026-07-16,base,p10,516.9058
2026-07-16,base,p50,629.5263
2026-07-16,base,p90,745.7146
2026-07-16,humedo,mean,516.2188
2026-07-16,humedo,mean,748.2802
2026-07-16,humedo,mean,632.2495
2026-07-16,seco,mean,745.7146
2026-07-16,seco,mean,633.7282
2026-07-16,seco,mean,521.7417
2026-07-17,base,p10,572.1276
2026-07-17,base,p50,662.3793
2026-07-17,base,p90,754.6184
2026-07-17,humedo,mean,576.5011
2026-07-17,humedo,mean,665.5597
2026-07-17,humedo,mean,754.6184
2026-07-17,seco,mean,760.6004
2026-07-17,seco,mean,661.5369
2026-07-17,seco,mean,562.4734
2026-07-18,base,p10,536.6163
2026-07-18,base,p50,624.5303
2026-07-18,base,p90,718.3536
2026-07-18,humedo,mean,628.0856
2026-07-18,humedo,mean,537.8176
2026-07-18,humedo,mean,718.3536
2026-07-18,seco,mean,537.0958
2026-07-18,seco,mean,727.4904
2026-07-18,seco,mean,632.2931
2026-07-19,base,p10,476.8401
2026-07-19,base,p50,564.0331
2026-07-19,base,p90,657.3561
2026-07-19,humedo,mean,477.9735
2026-07-19,humedo,mean,665.1735
2026-07-19,humedo,mean,571.5735
2026-07-19,seco,mean,481.2351
2026-07-19,seco,mean,657.3561
2026-07-19,seco,mean,569.2956
2026-07-20,base,p10,508.5371
2026-07-20,base,p50,588.6191
2026-07-20,base,p90,673.1784
2026-07-20,humedo,mean,591.2395
2026-07-20,humedo,mean,509.3006
2026-07-20,humedo,mean,673.1784
2026-07-20,seco,mean,505.4832
2026-07-20,seco,mean,675.5934
2026-07-20,seco,mean,590.5383
2026-07-21,base,p10,552.4578
2026-07-21,base,p50,640.6944
2026-07-21,base,p90,731.3879
2026-07-21,humedo,mean,646.6831
2026-07-21,humedo,mean,545.3927
2026-07-21,humedo,mean,747.9735
2026-07-21,seco,mean,554.2241
2026-07-21,seco,mean,731.3879
2026-07-21,seco,mean,642.8060
2026-07-22,base,p10,542.3631
2026-07-22,base,p50,635.3859
2026-07-22,base,p90,736.4762
2026-07-22,humedo,mean,639.2571
2026-07-22,humedo,mean,736.4762
2026-07-22,humedo,mean,542.0379
2026-07-22,seco,mean,648.2165
2026-07-22,seco,mean,546.4316
2026-07-22,seco,mean,750.0013
2026-07-23,base,p10,532.3122
2026-07-23,base,p50,642.8319
2026-07-23,base,p90,756.7375
2026-07-23,humedo,mean,766.4002
2026-07-23,humedo,mean,648.1515
2026-07-23,humedo,mean,529.9029
2026-07-23,seco,mean,756.7375
2026-07-23,seco,mean,532.9146
2026-07-23,seco,mean,644.8260
2026-07-24,base,p10,557.7895
2026-07-24,base,p50,655.5900
2026-07-24,base,p90,756.7909
2026-07-24,humedo,mean,558.4115
2026-07-24,humedo,mean,658.2041
2026-07-24,humedo,mean,757.9968
2026-07-24,seco,mean,555.3016
2026-07-24,seco,mean,656.0463
2026-07-24,seco,mean,756.7909
2026-07-25,base,p10,540.8694
2026-07-25,base,p50,633.3194
2026-07-25,base,p90,730.8558
2026-07-25,humedo,mean,542.6326
2026-07-25,humedo,mean,636.7442
2026-07-25,humedo,mean,730.8558
2026-07-25,seco,mean,640.8244
2026-07-25,seco,mean,740.6267
2026-07-25,seco,mean,541.0221
2026-07-26,base,p10,493.8422
2026-07-26,base,p50,580.0046
2026-07-26,base,p90,673.8878
2026-07-26,humedo,mean,588.6760
2026-07-26,humedo,mean,495.0064
2026-07-26,humedo,mean,682.3456
2026-07-26,seco,mean,585.1154
2026-07-26,seco,mean,673.8878
2026-07-26,seco,mean,496.3430
2026-07-27,base,p10,540.8258
2026-07-27,base,p50,629.5856
2026-07-27,base,p90,719.4523
2026-07-27,humedo,mean,627.7525
2026-07-27,humedo,mean,536.0528
2026-07-27,humedo,mean,719.4523
2026-07-27,seco,mean,634.1297
2026-07-27,seco,mean,726.2404
2026-07-27,seco,mean,542.0190
2026-07-28,base,p10,569.4148
2026-07-28,base,p50,655.7601
2026-07-28,base,p90,747.5626
2026-07-28,humedo,mean,747.5626
2026-07-28,humedo,mean,655.9708
2026-07-28,humedo,mean,564.3791
2026-07-28,seco,mean,571.8291
2026-07-28,seco,mean,664.6641
2026-07-28,seco,mean,757.4991
2026-07-29,base,p10,557.0620
2026-07-29,base,p50,650.0360
2026-07-29,base,p90,748.7093
2026-07-29,humedo,mean,556.1389
2026-07-29,humedo,mean,748.7093
2026-07-29,humedo,mean,652.4241
2026-07-29,seco,mean,657.0989
2026-07-29,seco,mean,557.2927
2026-07-29,seco,mean,756.9052
2026-07-30,base,p10,516.4747
2026-07-30,base,p50,627.4989
2026-07-30,base,p90,750.6021
2026-07-30,humedo,mean,514.9758
2026-07-30,humedo,mean,750.6021
2026-07-30,humedo,mean,632.7890
2026-07-30,seco,mean,633.9123
2026-07-30,seco,mean,516.8495
2026-07-30,seco,mean,750.9751
2026-07-31,base,p10,552.4388
2026-07-31,base,p50,645.9463
2026-07-31,base,p90,742.3310
2026-07-31,humedo,mean,550.0951
2026-07-31,humedo,mean,742.3310
2026-07-31,humedo,mean,646.2131
2026-07-31,seco,mean,651.4437
2026-07-31,seco,mean,553.0247
2026-07-31,seco,mean,749.8626
2026-08-01,base,p10,606.8323
2026-08-01,base,p50,712.5734
2026-08-01,base,p90,831.3832
2026-08-01,humedo,mean,725.1127
2026-08-01,humedo,mean,837.9046
2026-08-01,humedo,mean,612.3207
2026-08-01,seco,mean,719.7533
2026-08-01,seco,mean,608.1235
2026-08-01,seco,mean,831.3832
2026-08-02,base,p10,548.3549
2026-08-02,base,p50,658.6790
2026-08-02,base,p90,775.4836
2026-08-02,humedo,mean,665.3156
2026-08-02,humedo,mean,544.2095
2026-08-02,humedo,mean,786.4218
2026-08-02,seco,mean,662.4375
2026-08-02,seco,mean,775.4836
2026-08-02,seco,mean,549.3913
2026-08-03,base,p10,624.7307
2026-08-03,base,p50,735.1837
2026-08-03,base,p90,859.5021
2026-08-03,humedo,mean,743.7411
2026-08-03,humedo,mean,624.4056
2026-08-03,humedo,mean,863.0765
2026-08-03,seco,mean,859.5021
2026-08-03,seco,mean,624.8129
2026-08-03,seco,mean,742.1575
2026-08-04,base,p10,595.9200
2026-08-04,base,p50,708.2821
2026-08-04,base,p90,825.5221
2026-08-04,humedo,mean,715.7095
2026-08-04,humedo,mean,835.1792
2026-08-04,humedo,mean,596.2399
2026-08-04,seco,mean,594.6403
2026-08-04,seco,mean,825.5221
2026-08-04,seco,mean,710.0812
2026-08-05,base,p10,591.7001
2026-08-05,base,p50,701.3377
2026-08-05,base,p90,815.9971
2026-08-05,humedo,mean,591.7161
2026-08-05,humedo,mean,818.0126
2026-08-05,humedo,mean,704.8644
2026-08-05,seco,mean,602.6177
2026-08-05,seco,mean,815.9971
2026-08-05,seco,mean,709.3074
2026-08-06,base,p10,552.7705
2026-08-06,base,p50,672.1909
2026-08-06,base,p90,796.7576
2026-08-06,humedo,mean,676.0247
2026-08-06,humedo,mean,799.5572
2026-08-06,humedo,mean,552.4922
2026-08-06,seco,mean,796.7576
2026-08-06,seco,mean,675.0010
2026-08-06,seco,mean,553.2444
2026-08-07,base,p10,558.9763
2026-08-07,base,p50,658.8448
2026-08-07,base,p90,772.2628
2026-08-07,humedo,mean,772.2628
2026-08-07,humedo,mean,666.4178
2026-08-07,humedo,mean,560.5728
2026-08-07,seco,mean,666.4389
2026-08-07,seco,mean,559.2580
2026-08-07,seco,mean,773.6198
2026-08-08,base,p10,582.0979
2026-08-08,base,p50,689.7860
2026-08-08,base,p90,806.5670
2026-08-08,humedo,mean,694.9961
2026-08-08,humedo,mean,806.5670
2026-08-08,humedo,mean,583.4252
2026-08-08,seco,mean,583.0102
2026-08-08,seco,mean,698.9443
2026-08-08,seco,mean,814.8783
2026-08-09,base,p10,535.6171
2026-08-09,base,p50,637.0032
2026-08-09,base,p90,752.1013
2026-08-09,humedo,mean,643.6245
2026-08-09,humedo,mean,533.6401
2026-08-09,humedo,mean,753.6090
2026-08-09,seco,mean,537.4334
2026-08-09,seco,mean,752.1013
2026-08-09,seco,mean,644.7674
2026-08-10,base,p10,599.9655
2026-08-10,base,p50,707.5813
2026-08-10,base,p90,824.7608
2026-08-10,humedo,mean,602.4294
2026-08-10,humedo,mean,713.5951
2026-08-10,humedo,mean,824.7608
2026-08-10,seco,mean,713.8349
2026-08-10,seco,mean,597.7498
2026-08-10,seco,mean,829.9200
2026-08-11,base,p10,598.5047
2026-08-11,base,p50,714.1451
2026-08-11,base,p90,839.9084
2026-08-11,humedo,mean,716.7853
2026-08-11,humedo,mean,593.6623
2026-08-11,humedo,mean,839.9084
2026-08-11,seco,mean,599.7154
2026-08-11,seco,mean,843.4196
2026-08-11,seco,mean,721.5675
2026-08-12,base,p10,617.6424
2026-08-12,base,p50,723.3165
2026-08-12,base,p90,831.8473
2026-08-12,humedo,mean,726.0850
2026-08-12,humedo,mean,831.8473
2026-08-12,humedo,mean,620.3226
2026-08-12,seco,mean,728.5521
2026-08-12,seco,mean,617.8699
2026-08-12,seco,mean,839.2343
2026-08-13,base,p10,578.7007
2026-08-13,base,p50,703.9484
2026-08-13,base,p90,837.4707
2026-08-13,humedo,mean,581.3016
2026-08-13,humedo,mean,837.4707
2026-08-13,humedo,mean,709.3862
2026-08-13,seco,mean,579.2934
2026-08-13,seco,mean,855.5926
2026-08-13,seco,mean,717.4430
2026-08-14,base,p10,578.6482
2026-08-14,base,p50,693.3134
2026-08-14,base,p90,814.3235
2026-08-14,humedo,mean,576.7955
2026-08-14,humedo,mean,814.3235
2026-08-14,humedo,mean,695.5595
2026-08-14,seco,mean,697.4295
2026-08-14,seco,mean,579.1114
2026-08-14,seco,mean,815.7475
2026-08-15,base,p10,571.7904
2026-08-15,base,p50,676.3918
2026-08-15,base,p90,794.3583
2026-08-15,humedo,mean,683.2014
2026-08-15,humedo,mean,794.3583
2026-08-15,humedo,mean,572.0444
2026-08-15,seco,mean,796.9233
2026-08-15,seco,mean,573.5478
2026-08-15,seco,mean,685.2355
2026-08-16,base,p10,520.8831
2026-08-16,base,p50,619.2760
2026-08-16,base,p90,723.5224
2026-08-16,humedo,mean,519.4327
2026-08-16,humedo,mean,622.2559
2026-08-16,humedo,mean,725.0790
2026-08-16,seco,mean,622.3840
2026-08-16,seco,mean,521.2457
2026-08-16,seco,mean,723.5224
2026-08-17,base,p10,554.5997
2026-08-17,base,p50,647.0031
2026-08-17,base,p90,742.5488
2026-08-17,humedo,mean,753.4051
2026-08-17,humedo,mean,652.0484
2026-08-17,humedo,mean,550.6917
2026-08-17,seco,mean,742.5488
2026-08-17,seco,mean,555.5767
2026-08-17,seco,mean,649.0627
2026-08-18,base,p10,617.6239
2026-08-18,base,p50,718.9501
2026-08-18,base,p90,825.6157
2026-08-18,humedo,mean,617.7105
2026-08-18,humedo,mean,726.3413
2026-08-18,humedo,mean,834.9720
2026-08-18,seco,mean,825.6157
2026-08-18,seco,mean,622.8901
2026-08-18,seco,mean,724.2529
2026-08-19,base,p10,605.8371
2026-08-19,base,p50,715.6482
2026-08-19,base,p90,829.0047
2026-08-19,humedo,mean,838.1142
2026-08-19,humedo,mean,606.0004
2026-08-19,humedo,mean,722.0573
2026-08-19,seco,mean,721.9463
2026-08-19,seco,mean,614.8878
2026-08-19,seco,mean,829.0047
2026-08-20,base,p10,553.2502
2026-08-20,base,p50,672.4566
2026-08-20,base,p90,801.2012
2026-08-20,humedo,mean,679.9851
2026-08-20,humedo,mean,558.7690
2026-08-20,humedo,mean,801.2012
2026-08-20,seco,mean,815.4434
2026-08-20,seco,mean,553.5349
2026-08-20,seco,mean,684.4892
2026-08-21,base,p10,601.4457
2026-08-21,base,p50,714.6440
2026-08-21,base,p90,825.3320
2026-08-21,humedo,mean,589.8757
2026-08-21,humedo,mean,714.4529
2026-08-21,humedo,mean,839.0302
2026-08-21,seco,mean,614.1455
2026-08-21,seco,mean,822.2017
2026-08-21,seco,mean,718.1736
2026-08-22,base,p10,579.3745
2026-08-22,base,p50,678.2072
2026-08-22,base,p90,787.7161
2026-08-22,humedo,mean,582.2536
2026-08-22,humedo,mean,684.9848
2026-08-22,humedo,mean,787.7161
2026-08-22,seco,mean,589.9542
2026-08-22,seco,mean,693.1814
2026-08-22,seco,mean,796.4085
2026-08-23,base,p10,541.0072
2026-08-23,base,p50,641.5606
2026-08-23,base,p90,752.5701
2026-08-23,humedo,mean,649.3917
2026-08-23,humedo,mean,538.8341
2026-08-23,humedo,mean,759.9494
2026-08-23,seco,mean,553.8271
2026-08-23,seco,mean,653.1986
2026-08-23,seco,mean,752.5701
2026-08-24,base,p10,605.8850
2026-08-24,base,p50,718.2409
2026-08-24,base,p90,838.8620
2026-08-24,humedo,mean,848.5857
2026-08-24,humedo,mean,599.2040
2026-08-24,humedo,mean,723.8949
2026-08-24,seco,mean,724.3859
2026-08-24,seco,mean,609.9098
2026-08-24,seco,mean,838.8620
2026-08-25,base,p10,609.7152
2026-08-25,base,p50,720.7732
2026-08-25,base,p90,840.0591
2026-08-25,humedo,mean,847.8372
2026-08-25,humedo,mean,610.5813
2026-08-25,humedo,mean,729.2092
2026-08-25,seco,mean,840.0591
2026-08-25,seco,mean,728.0057
2026-08-25,seco,mean,615.9523
2026-08-26,base,p10,623.2495
2026-08-26,base,p50,726.5393
2026-08-26,base,p90,840.7593
2026-08-26,humedo,mean,623.8677
2026-08-26,humedo,mean,840.7593
2026-08-26,humedo,mean,732.3135
2026-08-26,seco,mean,634.1988
2026-08-26,seco,mean,738.4017
2026-08-26,seco,mean,842.6046
2026-08-27,base,p10,577.3938
2026-08-27,base,p50,702.4935
2026-08-27,base,p90,833.5967
2026-08-27,humedo,mean,833.5967
2026-08-27,humedo,mean,575.7378
2026-08-27,humedo,mean,704.6673
2026-08-27,seco,mean,836.1790
2026-08-27,seco,mean,577.8077
2026-08-27,seco,mean,706.9934
2026-08-28,base,p10,601.9399
2026-08-28,base,p50,709.0780
2026-08-28,base,p90,823.8166
2026-08-28,humedo,mean,603.5386
2026-08-28,humedo,mean,823.8166
2026-08-28,humedo,mean,713.6776
2026-08-28,seco,mean,716.5145
2026-08-28,seco,mean,830.4064
2026-08-28,seco,mean,602.6225
2026-08-29,base,p10,581.2737
2026-08-29,base,p50,689.0586
2026-08-29,base,p90,809.1161
2026-08-29,humedo,mean,698.3715
2026-08-29,humedo,mean,814.9192
2026-08-29,humedo,mean,581.8238
2026-08-29,seco,mean,696.2780
2026-08-29,seco,mean,583.4400
2026-08-29,seco,mean,809.1161
2026-08-30,base,p10,539.7877
2026-08-30,base,p50,640.2970
2026-08-30,base,p90,754.2033
2026-08-30,humedo,mean,643.2709
2026-08-30,humedo,mean,754.2033
2026-08-30,humedo,mean,532.3386
2026-08-30,seco,mean,651.1746
2026-08-30,seco,mean,757.1553
2026-08-30,seco,mean,545.1938
2026-08-31,base,p10,600.7652
2026-08-31,base,p50,714.5602
2026-08-31,base,p90,838.3804
2026-08-31,humedo,mean,838.3804
2026-08-31,humedo,mean,720.0380
2026-08-31,humedo,mean,601.6957
2026-08-31,seco,mean,848.2482
2026-08-31,seco,mean,606.6833
2026-08-31,seco,mean,727.4658
2026-09-01,base,p10,696.9950
2026-09-01,base,p50,817.2475
2026-09-01,base,p90,944.3875
2026-09-01,humedo,mean,944.3875
2026-09-01,humedo,mean,816.2648
2026-09-01,humedo,mean,688.1420
2026-09-01,seco,mean,934.7949
2026-09-01,seco,mean,701.6658
2026-09-01,seco,mean,818.2303
2026-09-02,base,p10,695.5961
2026-09-02,base,p50,818.6717
2026-09-02,base,p90,942.5833
2026-09-02,humedo,mean,690.6041
2026-09-02,humedo,mean,944.8672
2026-09-02,humedo,mean,817.7356
2026-09-02,seco,mean,696.8441
2026-09-02,seco,mean,942.3714
2026-09-02,seco,mean,819.6078
2026-09-03,base,p10,670.3862
2026-09-03,base,p50,798.1384
2026-09-03,base,p90,938.3447
2026-09-03,humedo,mean,672.0125
2026-09-03,humedo,mean,805.1786
2026-09-03,humedo,mean,938.3447
2026-09-03,seco,mean,671.6465
2026-09-03,seco,mean,938.8411
2026-09-03,seco,mean,805.2438
2026-09-04,base,p10,681.0211
2026-09-04,base,p50,803.7380
2026-09-04,base,p90,930.7294
2026-09-04,humedo,mean,664.7487
2026-09-04,humedo,mean,930.7294
2026-09-04,humedo,mean,797.7391
2026-09-04,seco,mean,812.5552
2026-09-04,seco,mean,940.0212
2026-09-04,seco,mean,685.0892
2026-09-05,base,p10,663.9621
2026-09-05,base,p50,780.2033
2026-09-05,base,p90,903.0256
2026-09-05,humedo,mean,903.0256
2026-09-05,humedo,mean,665.0387
2026-09-05,humedo,mean,784.0321
2026-09-05,seco,mean,913.2676
2026-09-05,seco,mean,675.9734
2026-09-05,seco,mean,794.6205
2026-09-06,base,p10,629.4320
2026-09-06,base,p50,740.1073
2026-09-06,base,p90,855.5368
2026-09-06,humedo,mean,738.5390
2026-09-06,humedo,mean,621.5413
2026-09-06,humedo,mean,855.5368
2026-09-06,seco,mean,754.2154
2026-09-06,seco,mean,869.1749
2026-09-06,seco,mean,639.2559
2026-09-07,base,p10,660.4641
2026-09-07,base,p50,771.5861
2026-09-07,base,p90,885.9676
2026-09-07,humedo,mean,774.1031
2026-09-07,humedo,mean,885.9676
2026-09-07,humedo,mean,662.2386
2026-09-07,seco,mean,781.7563
2026-09-07,seco,mean,894.4712
2026-09-07,seco,mean,669.0414
2026-09-08,base,p10,686.6103
2026-09-08,base,p50,801.8880
2026-09-08,base,p90,927.0259
2026-09-08,humedo,mean,927.0259
2026-09-08,humedo,mean,688.0234
2026-09-08,humedo,mean,807.5247
2026-09-08,seco,mean,798.5870
2026-09-08,seco,mean,909.4547
2026-09-08,seco,mean,687.7193
2026-09-09,base,p10,686.1257
2026-09-09,base,p50,780.9128
2026-09-09,base,p90,881.3670
2026-09-09,humedo,mean,687.0640
2026-09-09,humedo,mean,779.9559
2026-09-09,humedo,mean,872.8477
2026-09-09,seco,mean,891.6583
2026-09-09,seco,mean,789.8549
2026-09-09,seco,mean,688.0515
2026-09-10,base,p10,660.9757
2026-09-10,base,p50,762.4920
2026-09-10,base,p90,873.8904
2026-09-10,humedo,mean,881.2124
2026-09-10,humedo,mean,664.9105
2026-09-10,humedo,mean,773.0615
2026-09-10,seco,mean,656.0333
2026-09-10,seco,mean,857.8329
2026-09-10,seco,mean,756.9331
2026-09-11,base,p10,686.9008
2026-09-11,base,p50,777.8325
2026-09-11,base,p90,875.5974
2026-09-11,humedo,mean,862.5046
2026-09-11,humedo,mean,686.1358
2026-09-11,humedo,mean,774.3202
2026-09-11,seco,mean,875.5974
2026-09-11,seco,mean,687.0921
2026-09-11,seco,mean,781.3447
2026-09-12,base,p10,652.8951
2026-09-12,base,p50,737.4960
2026-09-12,base,p90,823.9731
2026-09-12,humedo,mean,737.4013
2026-09-12,humedo,mean,823.9731
2026-09-12,humedo,mean,650.8294
2026-09-12,seco,mean,653.4115
2026-09-12,seco,mean,821.7700
2026-09-12,seco,mean,737.5907
2026-09-13,base,p10,612.2787
2026-09-13,base,p50,692.5651
2026-09-13,base,p90,775.5148
2026-09-13,humedo,mean,605.1332
2026-09-13,humedo,mean,767.3577
2026-09-13,humedo,mean,686.2455
2026-09-13,seco,mean,698.8848
2026-09-13,seco,mean,622.2548
2026-09-13,seco,mean,775.5148
2026-09-14,base,p10,673.7744
2026-09-14,base,p50,768.9972
2026-09-14,base,p90,864.9246
2026-09-14,humedo,mean,858.0705
2026-09-14,humedo,mean,764.4585
2026-09-14,humedo,mean,670.8466
2026-09-14,seco,mean,682.1472
2026-09-14,seco,mean,864.9246
2026-09-14,seco,mean,773.5359
2026-09-15,base,p10,683.7617
2026-09-15,base,p50,787.2190
2026-09-15,base,p90,890.2126
2026-09-15,humedo,mean,884.7226
2026-09-15,humedo,mean,683.9892
2026-09-15,humedo,mean,784.3559
2026-09-15,seco,mean,790.0821
2026-09-15,seco,mean,689.9515
2026-09-15,seco,mean,890.2126
2026-09-16,base,p10,677.4138
2026-09-16,base,p50,772.8779
2026-09-16,base,p90,876.1978
2026-09-16,humedo,mean,768.7804
2026-09-16,humedo,mean,676.0571
2026-09-16,humedo,mean,861.5036
2026-09-16,seco,mean,677.7530
2026-09-16,seco,mean,876.1978
2026-09-16,seco,mean,776.9754
2026-09-17,base,p10,648.6023
2026-09-17,base,p50,765.0361
2026-09-17,base,p90,879.6275
2026-09-17,humedo,mean,877.0860
2026-09-17,humedo,mean,649.2215
2026-09-17,humedo,mean,763.1538
2026-09-17,seco,mean,766.9185
2026-09-17,seco,mean,654.2095
2026-09-17,seco,mean,879.6275
2026-09-18,base,p10,684.7603
2026-09-18,base,p50,772.6391
2026-09-18,base,p90,867.1235
2026-09-18,humedo,mean,774.4766
2026-09-18,humedo,mean,861.6228
2026-09-18,humedo,mean,687.3305
2026-09-18,seco,mean,674.4795
2026-09-18,seco,mean,867.1235
2026-09-18,seco,mean,770.8015
2026-09-19,base,p10,664.4833
2026-09-19,base,p50,770.4494
2026-09-19,base,p90,877.4610
2026-09-19,humedo,mean,877.4610
2026-09-19,humedo,mean,662.6302
2026-09-19,humedo,mean,770.0456
2026-09-19,seco,mean,664.9466
2026-09-19,seco,mean,876.7598
2026-09-19,seco,mean,770.8532
2026-09-20,base,p10,612.6050
2026-09-20,base,p50,707.3855
2026-09-20,base,p90,817.0049
2026-09-20,humedo,mean,698.4084
2026-09-20,humedo,mean,786.0729
2026-09-20,humedo,mean,610.7439
2026-09-20,seco,mean,817.0049
2026-09-20,seco,mean,716.3626
2026-09-20,seco,mean,615.7203
2026-09-21,base,p10,679.3889
2026-09-21,base,p50,804.7302
2026-09-21,base,p90,923.4794
2026-09-21,humedo,mean,800.3407
2026-09-21,humedo,mean,677.2020
2026-09-21,humedo,mean,923.4794
2026-09-21,seco,mean,923.1065
2026-09-21,seco,mean,695.1328
2026-09-21,seco,mean,809.1197
2026-09-22,base,p10,692.4767
2026-09-22,base,p50,808.3465
2026-09-22,base,p90,925.3405
2026-09-22,humedo,mean,918.6470
2026-09-22,humedo,mean,701.0942
2026-09-22,humedo,mean,809.8706
2026-09-22,seco,mean,688.3044
2026-09-22,seco,mean,806.8225
2026-09-22,seco,mean,925.3405
2026-09-23,base,p10,700.8987
2026-09-23,base,p50,810.7757
2026-09-23,base,p90,928.8992
2026-09-23,humedo,mean,816.2472
2026-09-23,humedo,mean,928.8992
2026-09-23,humedo,mean,703.5951
2026-09-23,seco,mean,702.2470
2026-09-23,seco,mean,934.8420
2026-09-23,seco,mean,818.5445
2026-09-24,base,p10,672.2558
2026-09-24,base,p50,799.6296
2026-09-24,base,p90,932.3781
2026-09-24,humedo,mean,672.8992
2026-09-24,humedo,mean,917.4481
2026-09-24,humedo,mean,795.1737
2026-09-24,seco,mean,941.4206
2026-09-24,seco,mean,669.6821
2026-09-24,seco,mean,805.5513
2026-09-25,base,p10,708.4184
2026-09-25,base,p50,825.0611
2026-09-25,base,p90,942.5386
2026-09-25,humedo,mean,936.6715
2026-09-25,humedo,mean,826.1709
2026-09-25,humedo,mean,715.6704
2026-09-25,seco,mean,942.5386
2026-09-25,seco,mean,823.9512
2026-09-25,seco,mean,705.3638
2026-09-26,base,p10,691.0756
2026-09-26,base,p50,801.2958
2026-09-26,base,p90,914.6621
2026-09-26,humedo,mean,914.8484
2026-09-26,humedo,mean,693.2353
2026-09-26,humedo,mean,804.0418
2026-09-26,seco,mean,914.6621
2026-09-26,seco,mean,798.5497
2026-09-26,seco,mean,682.4372
2026-09-27,base,p10,621.4811
2026-09-27,base,p50,717.9100
2026-09-27,base,p90,817.3133
2026-09-27,humedo,mean,629.3982
2026-09-27,humedo,mean,717.3844
2026-09-27,humedo,mean,805.3706
2026-09-27,seco,mean,719.8036
2026-09-27,seco,mean,817.6452
2026-09-27,seco,mean,621.9620
2026-09-28,base,p10,754.7145
2026-09-28,base,p50,883.8539
2026-09-28,base,p90,1029.2067
2026-09-28,humedo,mean,883.7933
2026-09-28,humedo,mean,1008.8492
2026-09-28,humedo,mean,758.7375
2026-09-28,seco,mean,760.8653
2026-09-28,seco,mean,1032.5991
2026-09-28,seco,mean,896.7322
2026-09-29,base,p10,733.3466
2026-09-29,base,p50,872.2143
2026-09-29,base,p90,1015.0161
2026-09-29,humedo,mean,1008.6198
2026-09-29,humedo,mean,871.2285
2026-09-29,humedo,mean,733.8371
2026-09-29,seco,mean,873.2002
2026-09-29,seco,mean,1015.0161
2026-09-29,seco,mean,731.3843
2026-09-30,base,p10,737.4964
2026-09-30,base,p50,863.7059
2026-09-30,base,p90,990.5627
2026-09-30,humedo,mean,861.9022
2026-09-30,humedo,mean,990.0383
2026-09-30,humedo,mean,733.7661
2026-09-30,seco,mean,868.0905
2026-09-30,seco,mean,990.5627
2026-09-30,seco,mean,745.6183
2026-10-01,base,p10,742.7676
2026-10-01,base,p50,963.5363
2026-10-01,base,p90,1187.5437
2026-10-01,humedo,mean,1187.5437
2026-10-01,humedo,mean,745.8315
2026-10-01,humedo,mean,966.6876
2026-10-01,seco,mean,1209.1256
2026-10-01,seco,mean,969.8190
2026-10-01,seco,mean,730.5124
2026-10-02,base,p10,785.3981
2026-10-02,base,p50,974.4924
2026-10-02,base,p90,1170.3182
2026-10-02,humedo,mean,786.4980
2026-10-02,humedo,mean,1160.1546
2026-10-02,humedo,mean,973.3263
2026-10-02,seco,mean,1170.3182
2026-10-02,seco,mean,975.6584
2026-10-02,seco,mean,780.9986
2026-10-03,base,p10,749.6775
2026-10-03,base,p50,915.3137
2026-10-03,base,p90,1073.7192
2026-10-03,humedo,mean,752.8563
2026-10-03,humedo,mean,1073.7192
2026-10-03,humedo,mean,913.2877
2026-10-03,seco,mean,736.9625
2026-10-03,seco,mean,918.3270
2026-10-03,seco,mean,1099.6915
2026-10-04,base,p10,673.2427
2026-10-04,base,p50,783.0549
2026-10-04,base,p90,888.0216
2026-10-04,humedo,mean,780.6188
2026-10-04,humedo,mean,673.2161
2026-10-04,humedo,mean,888.0216
2026-10-04,seco,mean,786.8719
2026-10-04,seco,mean,900.4945
2026-10-04,seco,mean,673.2494
2026-10-05,base,p10,829.9136
2026-10-05,base,p50,1098.9134
2026-10-05,base,p90,1369.1478
2026-10-05,humedo,mean,1103.9891
2026-10-05,humedo,mean,845.8442
2026-10-05,humedo,mean,1362.1340
2026-10-05,seco,mean,1100.9944
2026-10-05,seco,mean,832.8410
2026-10-05,seco,mean,1369.1478
2026-10-06,base,p10,835.3265
2026-10-06,base,p50,1024.2081
2026-10-06,base,p90,1217.7109
2026-10-06,humedo,mean,1208.7675
2026-10-06,humedo,mean,1023.7948
2026-10-06,humedo,mean,838.8221
2026-10-06,seco,mean,1024.6215
2026-10-06,seco,mean,831.5322
2026-10-06,seco,mean,1217.7109
2026-10-07,base,p10,830.9778
2026-10-07,base,p50,1008.5939
2026-10-07,base,p90,1187.4608
2026-10-07,humedo,mean,1172.8653
2026-10-07,humedo,mean,839.0199
2026-10-07,humedo,mean,1005.9426
2026-10-07,seco,mean,1011.2451
2026-10-07,seco,mean,1187.4608
2026-10-07,seco,mean,835.0294
2026-10-08,base,p10,834.0094
2026-10-08,base,p50,1026.0103
2026-10-08,base,p90,1220.3339
2026-10-08,humedo,mean,1194.9200
2026-10-08,humedo,mean,1025.5979
2026-10-08,humedo,mean,856.2758
2026-10-08,seco,mean,832.5115
2026-10-08,seco,mean,1026.4227
2026-10-08,seco,mean,1220.3339
2026-10-09,base,p10,821.1741
2026-10-09,base,p50,963.4907
2026-10-09,base,p90,1108.6087
2026-10-09,humedo,mean,1096.3628
2026-10-09,humedo,mean,827.4991
2026-10-09,humedo,mean,961.9310
2026-10-09,seco,mean,1108.6087
2026-10-09,seco,mean,821.4923
2026-10-09,seco,mean,965.0505
2026-10-10,base,p10,807.3167
2026-10-10,base,p50,940.7929
2026-10-10,base,p90,1074.5721
2026-10-10,humedo,mean,1074.5721
2026-10-10,humedo,mean,946.1296
2026-10-10,humedo,mean,817.6872
2026-10-10,seco,mean,935.4562
2026-10-10,seco,mean,807.6883
2026-10-10,seco,mean,1063.2241
2026-10-11,base,p10,704.5660
2026-10-11,base,p50,786.7071
2026-10-11,base,p90,873.2656
2026-10-11,humedo,mean,791.4327
2026-10-11,humedo,mean,877.2701
2026-10-11,humedo,mean,705.5953
2026-10-11,seco,mean,789.2927
2026-10-11,seco,mean,873.2656
2026-10-11,seco,mean,705.3197
2026-10-12,base,p10,808.5905
2026-10-12,base,p50,935.4161
2026-10-12,base,p90,1076.0652
2026-10-12,humedo,mean,819.3090
2026-10-12,humedo,mean,1043.4878
2026-10-12,humedo,mean,931.3984
2026-10-12,seco,mean,948.1804
2026-10-12,seco,mean,810.0375
2026-10-12,seco,mean,1086.3232
2026-10-13,base,p10,906.5460
2026-10-13,base,p50,1111.5678
2026-10-13,base,p90,1318.4484
2026-10-13,humedo,mean,1108.5592
2026-10-13,humedo,mean,907.6132
2026-10-13,humedo,mean,1309.5052
2026-10-13,seco,mean,1326.8759
2026-10-13,seco,mean,1114.5765
2026-10-13,seco,mean,902.2770
2026-10-14,base,p10,936.5732
2026-10-14,base,p50,1196.2036
2026-10-14,base,p90,1454.9218
2026-10-14,humedo,mean,925.2713
2026-10-14,humedo,mean,1196.9196
2026-10-14,humedo,mean,1468.5678
2026-10-14,seco,mean,1197.1602
2026-10-14,seco,mean,939.3986
2026-10-14,seco,mean,1454.9218
2026-10-15,base,p10,875.1980
2026-10-15,base,p50,993.2458
2026-10-15,base,p90,1113.9395
2026-10-15,humedo,mean,991.6835
2026-10-15,humedo,mean,1110.0845
2026-10-15,humedo,mean,873.2825
2026-10-15,seco,mean,994.8081
2026-10-15,seco,mean,1113.9395
2026-10-15,seco,mean,875.6768
2026-10-16,base,p10,929.9671
2026-10-16,base,p50,1055.7721
2026-10-16,base,p90,1194.7605
2026-10-16,humedo,mean,937.5022
2026-10-16,humedo,mean,1051.3805
2026-10-16,humedo,mean,1165.2587
2026-10-16,seco,mean,1194.7605
2026-10-16,seco,mean,925.5670
2026-10-16,seco,mean,1060.1637
2026-10-17,base,p10,883.0927
2026-10-17,base,p50,966.9135
2026-10-17,base,p90,1056.1397
2026-10-17,humedo,mean,963.7033
2026-10-17,humedo,mean,1040.7356
2026-10-17,humedo,mean,886.6711
2026-10-17,seco,mean,1056.1397
2026-10-17,seco,mean,884.1076
2026-10-17,seco,mean,970.1237
2026-10-18,base,p10,772.5932
2026-10-18,base,p50,835.0987
2026-10-18,base,p90,902.3866
2026-10-18,humedo,mean,838.1094
2026-10-18,humedo,mean,773.8321
2026-10-18,humedo,mean,902.3866
2026-10-18,seco,mean,775.1608
2026-10-18,seco,mean,841.4196
2026-10-18,seco,mean,907.6783
2026-10-19,base,p10,903.5065
2026-10-19,base,p50,1088.5937
2026-10-19,base,p90,1273.7095
2026-10-19,humedo,mean,910.4368
2026-10-19,humedo,mean,1088.2633
2026-10-19,humedo,mean,1266.0898
2026-10-19,seco,mean,1343.3523
2026-10-19,seco,mean,1122.1650
2026-10-19,seco,mean,900.9778
2026-10-20,base,p10,928.2091
2026-10-20,base,p50,1102.5238
2026-10-20,base,p90,1295.0913
2026-10-20,humedo,mean,1110.6344
2026-10-20,humedo,mean,926.1776
2026-10-20,humedo,mean,1295.0913
2026-10-20,seco,mean,1315.4624
2026-10-20,seco,mean,929.9960
2026-10-20,seco,mean,1122.7292
2026-10-21,base,p10,975.2365
2026-10-21,base,p50,1178.5028
2026-10-21,base,p90,1404.0463
2026-10-21,humedo,mean,1194.2204
2026-10-21,humedo,mean,1404.0463
2026-10-21,humedo,mean,984.3944
2026-10-21,seco,mean,1420.7734
2026-10-21,seco,mean,1196.0818
2026-10-21,seco,mean,971.3903
2026-10-22,base,p10,904.3118
2026-10-22,base,p50,1049.4302
2026-10-22,base,p90,1211.6412
2026-10-22,humedo,mean,1225.6833
2026-10-22,humedo,mean,919.6664
2026-10-22,humedo,mean,1072.6749
2026-10-22,seco,mean,899.4471
2026-10-22,seco,mean,1040.2759
2026-10-22,seco,mean,1181.1046
2026-10-23,base,p10,973.3919
2026-10-23,base,p50,1156.2644
2026-10-23,base,p90,1369.5299
2026-10-23,humedo,mean,971.0146
2026-10-23,humedo,mean,1170.2722
2026-10-23,humedo,mean,1369.5299
2026-10-23,seco,mean,1304.5926
2026-10-23,seco,mean,1142.2566
2026-10-23,seco,mean,979.9205
2026-10-24,base,p10,870.5789
2026-10-24,base,p50,973.0726
2026-10-24,base,p90,1092.5107
2026-10-24,humedo,mean,874.4493
2026-10-24,humedo,mean,1092.5107
2026-10-24,humedo,mean,983.4800
2026-10-24,seco,mean,1066.3333
2026-10-24,seco,mean,962.6652
2026-10-24,seco,mean,858.9971
2026-10-25,base,p10,794.9415
2026-10-25,base,p50,882.5504
2026-10-25,base,p90,985.0954
2026-10-25,humedo,mean,895.2621
2026-10-25,humedo,mean,995.3077
2026-10-25,humedo,mean,795.2165
2026-10-25,seco,mean,793.8413
2026-10-25,seco,mean,872.0586
2026-10-25,seco,mean,950.2759
2026-10-26,base,p10,908.1691
2026-10-26,base,p50,1055.8967
2026-10-26,base,p90,1215.9071
2026-10-26,humedo,mean,1063.4044
2026-10-26,humedo,mean,1215.9071
2026-10-26,humedo,mean,910.9018
2026-10-26,seco,mean,913.4033
2026-10-26,seco,mean,1290.8207
2026-10-26,seco,mean,1102.1120
2026-10-27,base,p10,896.4538
2026-10-27,base,p50,1029.9335
2026-10-27,base,p90,1172.2392
2026-10-27,humedo,mean,1024.4882
2026-10-27,humedo,mean,1146.0932
2026-10-27,humedo,mean,902.8833
2026-10-27,seco,mean,1244.7648
2026-10-27,seco,mean,888.1961
2026-10-27,seco,mean,1066.4804
2026-10-28,base,p10,942.7294
2026-10-28,base,p50,1162.5628
2026-10-28,base,p90,1382.8114
2026-10-28,humedo,mean,1162.6729
2026-10-28,humedo,mean,1382.4575
2026-10-28,humedo,mean,942.8883
2026-10-28,seco,mean,959.4562
2026-10-28,seco,mean,1419.7443
2026-10-28,seco,mean,1189.6003
2026-10-29,base,p10,935.6179
2026-10-29,base,p50,1053.7107
2026-10-29,base,p90,1198.0574
2026-10-29,humedo,mean,1138.1773
2026-10-29,humedo,mean,940.0291
2026-10-29,humedo,mean,1039.1032
2026-10-29,seco,mean,1121.1985
2026-10-29,seco,mean,923.7742
2026-10-29,seco,mean,1318.6228
2026-10-30,base,p10,947.1706
2026-10-30,base,p50,1065.5784
2026-10-30,base,p90,1206.5090
2026-10-30,humedo,mean,961.7794
2026-10-30,humedo,mean,1052.7128
2026-10-30,humedo,mean,1143.6462
2026-10-30,seco,mean,1133.5200
2026-10-30,seco,mean,934.3364
2026-10-30,seco,mean,1332.7035
2026-10-31,base,p10,894.6945
2026-10-31,base,p50,988.6361
2026-10-31,base,p90,1098.8135
2026-10-31,humedo,mean,1064.6815
2026-10-31,humedo,mean,896.8382
2026-10-31,humedo,mean,980.7599
2026-10-31,seco,mean,894.8154
2026-10-31,seco,mean,1057.5204
2026-10-31,seco,mean,1220.2254
2026-11-01,base,p10,696.5626
2026-11-01,base,p50,708.1748
2026-11-01,base,p90,743.1146
2026-11-01,humedo,mean,700.0414
2026-11-01,humedo,mean,718.7434
2026-11-01,humedo,mean,709.3924
2026-11-01,seco,mean,697.9069
2026-11-01,seco,mean,788.3223
2026-11-01,seco,mean,743.1146
2026-11-02,base,p10,703.2423
2026-11-02,base,p50,786.7810
2026-11-02,base,p90,872.2041
2026-11-02,humedo,mean,871.3329
2026-11-02,humedo,mean,785.3558
2026-11-02,humedo,mean,699.3788
2026-11-02,seco,mean,908.3240
2026-11-02,seco,mean,809.9511
2026-11-02,seco,mean,711.5782
2026-11-03,base,p10,873.4045
2026-11-03,base,p50,1023.4068
2026-11-03,base,p90,1176.1667
2026-11-03,humedo,mean,1176.1667
2026-11-03,humedo,mean,1022.8422
2026-11-03,humedo,mean,869.5176
2026-11-03,seco,mean,1075.0247
2026-11-03,seco,mean,1273.9753
2026-11-03,seco,mean,876.0740
2026-11-04,base,p10,887.7654
2026-11-04,base,p50,1060.2500
2026-11-04,base,p90,1235.8849
2026-11-04,humedo,mean,1235.8849
2026-11-04,humedo,mean,1057.7015
2026-11-04,humedo,mean,879.5180
2026-11-04,seco,mean,1102.8909
2026-11-04,seco,mean,1303.6516
2026-11-04,seco,mean,902.1302
2026-11-05,base,p10,843.4765
2026-11-05,base,p50,1008.6824
2026-11-05,base,p90,1187.3452
2026-11-05,humedo,mean,847.1318
2026-11-05,humedo,mean,1003.0480
2026-11-05,humedo,mean,1158.9642
2026-11-05,seco,mean,1061.0325
2026-11-05,seco,mean,844.0235
2026-11-05,seco,mean,1278.0414
2026-11-06,base,p10,876.2431
2026-11-06,base,p50,1014.0608
2026-11-06,base,p90,1155.8401
2026-11-06,humedo,mean,877.3422
2026-11-06,humedo,mean,1144.0224
2026-11-06,humedo,mean,1010.6823
2026-11-06,seco,mean,1057.3837
2026-11-06,seco,mean,871.8466
2026-11-06,seco,mean,1242.9207
2026-11-07,base,p10,780.4076
2026-11-07,base,p50,864.3514
2026-11-07,base,p90,952.8099
2026-11-07,humedo,mean,936.7373
2026-11-07,humedo,mean,859.1636
2026-11-07,humedo,mean,781.5899
2026-11-07,seco,mean,775.6782
2026-11-07,seco,mean,994.2444
2026-11-07,seco,mean,884.9613
2026-11-08,base,p10,687.5381
2026-11-08,base,p50,739.7916
2026-11-08,base,p90,799.6343
2026-11-08,humedo,mean,799.6343
2026-11-08,humedo,mean,743.4638
2026-11-08,humedo,mean,687.2932
2026-11-08,seco,mean,687.5993
2026-11-08,seco,mean,750.2719
2026-11-08,seco,mean,812.9445
2026-11-09,base,p10,812.4566
2026-11-09,base,p50,921.7710
2026-11-09,base,p90,1036.5692
2026-11-09,humedo,mean,806.7767
2026-11-09,humedo,mean,921.6730
2026-11-09,humedo,mean,1036.5692
2026-11-09,seco,mean,946.7494
2026-11-09,seco,mean,1079.6222
2026-11-09,seco,mean,813.8766
2026-11-10,base,p10,874.4307
2026-11-10,base,p50,1017.8128
2026-11-10,base,p90,1167.8281
2026-11-10,humedo,mean,1014.1147
2026-11-10,humedo,mean,873.3779
2026-11-10,humedo,mean,1154.8514
2026-11-10,seco,mean,874.6939
2026-11-10,seco,mean,1214.4819
2026-11-10,seco,mean,1044.5879
2026-11-11,base,p10,872.0790
2026-11-11,base,p50,990.5670
2026-11-11,base,p90,1136.8990
2026-11-11,humedo,mean,976.0234
2026-11-11,humedo,mean,1084.2280
2026-11-11,humedo,mean,867.8189
2026-11-11,seco,mean,873.1440
2026-11-11,seco,mean,1184.3135
2026-11-11,seco,mean,1028.7288
2026-11-12,base,p10,881.9485
2026-11-12,base,p50,1082.0219
2026-11-12,base,p90,1289.1354
2026-11-12,humedo,mean,1077.5805
2026-11-12,humedo,mean,886.2682
2026-11-12,humedo,mean,1268.8928
2026-11-12,seco,mean,1135.4596
2026-11-12,seco,mean,1396.3419
2026-11-12,seco,mean,874.5774
2026-11-13,base,p10,872.6919
2026-11-13,base,p50,946.7428
2026-11-13,base,p90,1148.8211
2026-11-13,humedo,mean,878.0109
2026-11-13,humedo,mean,1016.9136
2026-11-13,humedo,mean,1155.8163
2026-11-13,seco,mean,922.8471
2026-11-13,seco,mean,875.0558
2026-11-13,seco,mean,970.6385
2026-11-14,base,p10,797.0861
2026-11-14,base,p50,820.4929
2026-11-14,base,p90,1008.8672
2026-11-14,humedo,mean,1008.8672
2026-11-14,humedo,mean,903.5166
2026-11-14,humedo,mean,798.1659
2026-11-14,seco,mean,825.4778
2026-11-14,seco,mean,805.5382
2026-11-14,seco,mean,815.5080
2026-11-15,base,p10,668.7077
2026-11-15,base,p50,700.2828
2026-11-15,base,p90,741.1043
2026-11-15,humedo,mean,723.5206
2026-11-15,humedo,mean,696.1817
2026-11-15,humedo,mean,668.8429
2026-11-15,seco,mean,669.4024
2026-11-15,seco,mean,741.1043
2026-11-15,seco,mean,812.8062
2026-11-16,base,p10,754.0519
2026-11-16,base,p50,859.8782
2026-11-16,base,p90,964.1515
2026-11-16,humedo,mean,964.1515
2026-11-16,humedo,mean,863.3447
2026-11-16,humedo,mean,762.5378
2026-11-16,seco,mean,1009.1441
2026-11-16,seco,mean,881.7126
2026-11-16,seco,mean,754.2811
2026-11-17,base,p10,854.3669
2026-11-17,base,p50,987.7440
2026-11-17,base,p90,1128.5948
2026-11-17,humedo,mean,1128.5948
2026-11-17,humedo,mean,855.9071
2026-11-17,humedo,mean,992.2510
2026-11-17,seco,mean,1030.4245
2026-11-17,seco,mean,854.7839
2026-11-17,seco,mean,1206.0652
2026-11-18,base,p10,906.1640
2026-11-18,base,p50,1127.2022
2026-11-18,base,p90,1348.1956
2026-11-18,humedo,mean,1342.9427
2026-11-18,humedo,mean,1127.0759
2026-11-18,humedo,mean,911.2092
2026-11-18,seco,mean,1141.3855
2026-11-18,seco,mean,1377.7966
2026-11-18,seco,mean,904.9744
2026-11-19,base,p10,893.4672
2026-11-19,base,p50,953.3739
2026-11-19,base,p90,1014.1130
2026-11-19,humedo,mean,1006.0676
2026-11-19,humedo,mean,894.0229
2026-11-19,humedo,mean,950.0452
2026-11-19,seco,mean,891.2445
2026-11-19,seco,mean,1064.9038
2026-11-19,seco,mean,978.0742
2026-11-20,base,p10,877.1026
2026-11-20,base,p50,909.6132
2026-11-20,base,p90,945.1510
2026-11-20,humedo,mean,935.4335
2026-11-20,humedo,mean,913.6433
2026-11-20,humedo,mean,891.8531
2026-11-20,seco,mean,987.9993
2026-11-20,seco,mean,879.8745
2026-11-20,seco,mean,933.9369
2026-11-21,base,p10,776.4335
2026-11-21,base,p50,783.6504
2026-11-21,base,p90,793.3279
2026-11-21,humedo,mean,776.6907
2026-11-21,humedo,mean,785.0093
2026-11-21,humedo,mean,793.3279
2026-11-21,seco,mean,789.1782
2026-11-21,seco,mean,775.4047
2026-11-21,seco,mean,782.2915
2026-11-22,base,p10,700.7040
2026-11-22,base,p50,759.5866
2026-11-22,base,p90,819.0754
2026-11-22,humedo,mean,760.8443
2026-11-22,humedo,mean,819.0754
2026-11-22,humedo,mean,702.6133
2026-11-22,seco,mean,693.0670
2026-11-22,seco,mean,778.2252
2026-11-22,seco,mean,863.3833
2026-11-23,base,p10,835.9082
2026-11-23,base,p50,962.8550
2026-11-23,base,p90,1103.3566
2026-11-23,humedo,mean,837.5189
2026-11-23,humedo,mean,1103.3566
2026-11-23,humedo,mean,970.4378
2026-11-23,seco,mean,1001.1457
2026-11-23,seco,mean,1162.0743
2026-11-23,seco,mean,840.2171
2026-11-24,base,p10,868.0897
2026-11-24,base,p50,997.7803
2026-11-24,base,p90,1129.2099
2026-11-24,humedo,mean,1002.5865
2026-11-24,humedo,mean,875.9631
2026-11-24,humedo,mean,1129.2099
2026-11-24,seco,mean,1027.5283
2026-11-24,seco,mean,1193.0960
2026-11-24,seco,mean,861.9605
2026-11-25,base,p10,887.8225
2026-11-25,base,p50,1025.1221
2026-11-25,base,p90,1227.5091
2026-11-25,humedo,mean,1228.4833
2026-11-25,humedo,mean,885.0049
2026-11-25,humedo,mean,1056.7441
2026-11-25,seco,mean,888.5269
2026-11-25,seco,mean,993.5000
2026-11-25,seco,mean,1098.4732
2026-11-26,base,p10,911.3097
2026-11-26,base,p50,1023.9123
2026-11-26,base,p90,1157.6465
2026-11-26,humedo,mean,1038.4904
2026-11-26,humedo,mean,1163.5220
2026-11-26,humedo,mean,913.4589
2026-11-26,seco,mean,1119.2130
2026-11-26,seco,mean,1015.8996
2026-11-26,seco,mean,912.5862
2026-11-27,base,p10,898.9364
2026-11-27,base,p50,1010.7395
2026-11-27,base,p90,1130.7993
2026-11-27,humedo,mean,1122.8491
2026-11-27,humedo,mean,1004.7321
2026-11-27,humedo,mean,886.6152
2026-11-27,seco,mean,902.0167
2026-11-27,seco,mean,1169.6961
2026-11-27,seco,mean,1035.8564
2026-11-28,base,p10,768.8021
2026-11-28,base,p50,827.6386
2026-11-28,base,p90,886.1692
2026-11-28,humedo,mean,769.5167
2026-11-28,humedo,mean,827.8429
2026-11-28,humedo,mean,886.1692
2026-11-28,seco,mean,765.9439
2026-11-28,seco,mean,852.3572
2026-11-28,seco,mean,938.7705
2026-11-29,base,p10,695.2006
2026-11-29,base,p50,741.9218
2026-11-29,base,p90,797.9294
2026-11-29,humedo,mean,748.2879
2026-11-29,humedo,mean,695.7070
2026-11-29,humedo,mean,800.8688
2026-11-29,seco,mean,777.9362
2026-11-29,seco,mean,693.1750
2026-11-29,seco,mean,735.5556
2026-11-30,base,p10,830.3011
2026-11-30,base,p50,996.0937
2026-11-30,base,p90,1168.7664
2026-11-30,humedo,mean,1000.9169
2026-11-30,humedo,mean,1168.7664
2026-11-30,humedo,mean,833.0673
2026-11-30,seco,mean,823.1599
2026-11-30,seco,mean,1033.6126
2026-11-30,seco,mean,1244.0652
2026-12-01,base,p10,766.7737
2026-12-01,base,p50,896.0173
2026-12-01,base,p90,1074.3210
2026-12-01,humedo,mean,929.5063
2026-12-01,humedo,mean,761.1980
2026-12-01,humedo,mean,1097.8146
2026-12-01,seco,mean,868.1153
2026-12-01,seco,mean,768.1676
2026-12-01,seco,mean,968.0629
2026-12-02,base,p10,755.2205
2026-12-02,base,p50,839.5843
2026-12-02,base,p90,930.2980
2026-12-02,humedo,mean,972.4483
2026-12-02,humedo,mean,756.4916
2026-12-02,humedo,mean,864.4699
2026-12-02,seco,mean,836.1861
2026-12-02,seco,mean,918.9381
2026-12-02,seco,mean,753.4340
2026-12-03,base,p10,694.6121
2026-12-03,base,p50,777.2564
2026-12-03,base,p90,875.7840
2026-12-03,humedo,mean,697.0244
2026-12-03,humedo,mean,875.7840
2026-12-03,humedo,mean,786.4042
2026-12-03,seco,mean,696.0313
2026-12-03,seco,mean,882.3103
2026-12-03,seco,mean,789.1708
2026-12-04,base,p10,728.7993
2026-12-04,base,p50,808.7017
2026-12-04,base,p90,897.4227
2026-12-04,humedo,mean,826.9916
2026-12-04,humedo,mean,930.5619
2026-12-04,humedo,mean,723.4213
2026-12-04,seco,mean,813.7832
2026-12-04,seco,mean,730.1438
2026-12-04,seco,mean,897.4227
2026-12-05,base,p10,701.0852
2026-12-05,base,p50,764.3193
2026-12-05,base,p90,842.8711
2026-12-05,humedo,mean,783.6757
2026-12-05,humedo,mean,703.1814
2026-12-05,humedo,mean,864.1699
2026-12-05,seco,mean,772.1758
2026-12-05,seco,mean,842.8711
2026-12-05,seco,mean,701.4804
2026-12-06,base,p10,626.4909
2026-12-06,base,p50,669.8408
2026-12-06,base,p90,718.3671
2026-12-06,humedo,mean,688.9179
2026-12-06,humedo,mean,629.7250
2026-12-06,humedo,mean,748.1108
2026-12-06,seco,mean,626.9280
2026-12-06,seco,mean,672.6475
2026-12-06,seco,mean,718.3671
2026-12-07,base,p10,719.9749
2026-12-07,base,p50,858.2223
2026-12-07,base,p90,997.6285
2026-12-07,humedo,mean,996.9558
2026-12-07,humedo,mean,857.3686
2026-12-07,humedo,mean,717.7814
2026-12-07,seco,mean,1055.8233
2026-12-07,seco,mean,722.1246
2026-12-07,seco,mean,888.9739
2026-12-08,base,p10,644.7350
2026-12-08,base,p50,722.7770
2026-12-08,base,p90,801.7132
2026-12-08,humedo,mean,801.7132
2026-12-08,humedo,mean,647.9882
2026-12-08,humedo,mean,724.8507
2026-12-08,seco,mean,641.2173
2026-12-08,seco,mean,815.8324
2026-12-08,seco,mean,728.5248
2026-12-09,base,p10,738.1451
2026-12-09,base,p50,883.5920
2026-12-09,base,p90,1034.6913
2026-12-09,humedo,mean,1034.6913
2026-12-09,humedo,mean,886.0132
2026-12-09,humedo,mean,737.3351
2026-12-09,seco,mean,1063.9066
2026-12-09,seco,mean,738.3476
2026-12-09,seco,mean,901.1271
2026-12-10,base,p10,738.0580
2026-12-10,base,p50,835.7909
2026-12-10,base,p90,936.3302
2026-12-10,humedo,mean,932.9793
2026-12-10,humedo,mean,735.0421
2026-12-10,humedo,mean,834.0107
2026-12-10,seco,mean,971.2295
2026-12-10,seco,mean,855.9544
2026-12-10,seco,mean,740.6793
2026-12-11,base,p10,762.2777
2026-12-11,base,p50,858.2692
2026-12-11,base,p90,959.0799
2026-12-11,humedo,mean,757.1264
2026-12-11,humedo,mean,943.2734
2026-12-11,humedo,mean,850.1999
2026-12-11,seco,mean,763.5655
2026-12-11,seco,mean,871.1000
2026-12-11,seco,mean,978.6345
2026-12-12,base,p10,720.6692
2026-12-12,base,p50,787.2986
2026-12-12,base,p90,867.2740
2026-12-12,humedo,mean,793.5534
2026-12-12,humedo,mean,719.8327
2026-12-12,humedo,mean,867.2740
2026-12-12,seco,mean,720.8783
2026-12-12,seco,mean,895.8631
2026-12-12,seco,mean,808.3707
2026-12-13,base,p10,609.9638
2026-12-13,base,p50,645.3313
2026-12-13,base,p90,680.4272
2026-12-13,humedo,mean,610.1236
2026-12-13,humedo,mean,645.0535
2026-12-13,humedo,mean,679.9834
2026-12-13,seco,mean,649.1403
2026-12-13,seco,mean,688.9560
2026-12-13,seco,mean,609.3246
2026-12-14,base,p10,718.4403
2026-12-14,base,p50,881.6208
2026-12-14,base,p90,1049.2747
2026-12-14,humedo,mean,718.5351
2026-12-14,humedo,mean,879.5737
2026-12-14,humedo,mean,1040.6124
2026-12-14,seco,mean,900.3514
2026-12-14,seco,mean,721.5960
2026-12-14,seco,mean,1079.1068
2026-12-15,base,p10,732.8609
2026-12-15,base,p50,810.6737
2026-12-15,base,p90,894.4524
2026-12-15,humedo,mean,728.8121
2026-12-15,humedo,mean,885.4414
2026-12-15,humedo,mean,807.1267
2026-12-15,seco,mean,814.2207
2026-12-15,seco,mean,894.4524
2026-12-15,seco,mean,733.9890
2026-12-16,base,p10,723.0807
2026-12-16,base,p50,818.9946
2026-12-16,base,p90,929.5278
2026-12-16,humedo,mean,714.9803
2026-12-16,humedo,mean,806.2219
2026-12-16,humedo,mean,897.4634
2026-12-16,seco,mean,835.3686
2026-12-16,seco,mean,725.1058
2026-12-16,seco,mean,945.6313
2026-12-17,base,p10,708.4307
2026-12-17,base,p50,813.0917
2026-12-17,base,p90,932.6493
2026-12-17,humedo,mean,806.2518
2026-12-17,humedo,mean,903.7687
2026-12-17,humedo,mean,708.7349
2026-12-17,seco,mean,932.6493
2026-12-17,seco,mean,819.9315
2026-12-17,seco,mean,707.2137
2026-12-18,base,p10,699.1769
2026-12-18,base,p50,772.0981
2026-12-18,base,p90,858.2526
2026-12-18,humedo,mean,698.7974
2026-12-18,humedo,mean,765.4341
2026-12-18,humedo,mean,832.0707
2026-12-18,seco,mean,703.0412
2026-12-18,seco,mean,866.6741
2026-12-18,seco,mean,784.8576
2026-12-19,base,p10,672.9209
2026-12-19,base,p50,756.5071
2026-12-19,base,p90,855.7722
2026-12-19,humedo,mean,747.5746
2026-12-19,humedo,mean,824.5965
2026-12-19,humedo,mean,670.5527
2026-12-19,seco,mean,860.6075
2026-12-19,seco,mean,673.5130
2026-12-19,seco,mean,767.0602
2026-12-20,base,p10,592.1789
2026-12-20,base,p50,641.0443
2026-12-20,base,p90,698.3790
2026-12-20,humedo,mean,593.1487
2026-12-20,humedo,mean,681.0951
2026-12-20,humedo,mean,637.1219
2026-12-20,seco,mean,644.9668
2026-12-20,seco,mean,591.5545
2026-12-20,seco,mean,698.3790
2026-12-21,base,p10,687.0512
2026-12-21,base,p50,830.7040
2026-12-21,base,p90,980.3240
2026-12-21,humedo,mean,831.2313
2026-12-21,humedo,mean,980.3240
2026-12-21,humedo,mean,682.1387
2026-12-21,seco,mean,694.8178
2026-12-21,seco,mean,859.4816
2026-12-21,seco,mean,1024.1453
2026-12-22,base,p10,695.5350
2026-12-22,base,p50,823.4794
2026-12-22,base,p90,952.2519
2026-12-22,humedo,mean,824.3128
2026-12-22,humedo,mean,696.3737
2026-12-22,humedo,mean,952.2519
2026-12-22,seco,mean,996.7916
2026-12-22,seco,mean,844.4859
2026-12-22,seco,mean,692.1802
2026-12-23,base,p10,665.5628
2026-12-23,base,p50,765.0712
2026-12-23,base,p90,866.8525
2026-12-23,humedo,mean,667.4767
2026-12-23,humedo,mean,856.8940
2026-12-23,humedo,mean,762.1853
2026-12-23,seco,mean,771.3091
2026-12-23,seco,mean,657.9075
2026-12-23,seco,mean,884.7106
2026-12-24,base,p10,616.5667
2026-12-24,base,p50,739.4370
2026-12-24,base,p90,862.5857
2026-12-24,humedo,mean,618.5867
2026-12-24,humedo,mean,860.2961
2026-12-24,humedo,mean,739.4414
2026-12-24,seco,mean,616.6385
2026-12-24,seco,mean,886.8828
2026-12-24,seco,mean,751.7607
2026-12-25,base,p10,586.1951
2026-12-25,base,p50,654.1661
2026-12-25,base,p90,724.5814
2026-12-25,humedo,mean,724.5814
2026-12-25,humedo,mean,580.5065
2026-12-25,humedo,mean,652.5439
2026-12-25,seco,mean,744.8093
2026-12-25,seco,mean,666.2132
2026-12-25,seco,mean,587.6172
2026-12-26,base,p10,611.5305
2026-12-26,base,p50,705.3013
2026-12-26,base,p90,800.9442
2026-12-26,humedo,mean,706.3104
2026-12-26,humedo,mean,800.9442
2026-12-26,humedo,mean,611.6766
2026-12-26,seco,mean,731.1384
2026-12-26,seco,mean,613.9461
2026-12-26,seco,mean,848.3307
2026-12-27,base,p10,568.3007
2026-12-27,base,p50,645.3531
2026-12-27,base,p90,725.8976
2026-12-27,humedo,mean,723.8400
2026-12-27,humedo,mean,642.7859
2026-12-27,humedo,mean,561.7318
2026-12-27,seco,mean,736.2120
2026-12-27,seco,mean,655.2764
2026-12-27,seco,mean,574.3408
2026-12-28,base,p10,633.3830
2026-12-28,base,p50,750.1997
2026-12-28,base,p90,868.1749
2026-12-28,humedo,mean,868.1749
2026-12-28,humedo,mean,752.2029
2026-12-28,humedo,mean,636.2308
2026-12-28,seco,mean,633.7457
2026-12-28,seco,mean,760.8272
2026-12-28,seco,mean,887.9088
2026-12-29,base,p10,676.2159
2026-12-29,base,p50,794.6766
2026-12-29,base,p90,918.9648
2026-12-29,humedo,mean,790.3053
2026-12-29,humedo,mean,672.2039
2026-12-29,humedo,mean,908.4066
2026-12-29,seco,mean,958.9761
2026-12-29,seco,mean,818.0975
2026-12-29,seco,mean,677.2189
2026-12-30,base,p10,648.0630
2026-12-30,base,p50,750.1058
2026-12-30,base,p90,863.2487
2026-12-30,humedo,mean,755.1144
2026-12-30,humedo,mean,646.9801
2026-12-30,humedo,mean,863.2487
2026-12-30,seco,mean,660.1903
2026-12-30,seco,mean,767.0797
2026-12-30,seco,mean,873.9690
2026-12-31,base,p10,618.2172
2026-12-31,base,p50,737.9883
2026-12-31,base,p90,862.9237
2026-12-31,humedo,mean,620.2017
2026-12-31,humedo,mean,856.4083
2026-12-31,humedo,mean,738.3050
2026-12-31,seco,mean,762.6279
2026-12-31,seco,mean,619.6667
2026-12-31,seco,mean,905.5891
2027-01-01,base,p10,373.4750
2027-01-01,base,p50,403.5618
2027-01-01,base,p90,437.2006
2027-01-01,humedo,mean,403.6975
2027-01-01,humedo,mean,370.1944
2027-01-01,humedo,mean,437.2006
2027-01-01,seco,mean,410.2628
2027-01-01,seco,mean,446.2306
2027-01-01,seco,mean,374.2951
